"country_name","V45","V46","V47","V48","V49","V50","V51","V52","V53","V54","V55","V56","V95","V96","V97","V98","V99","V100","V101","V102","V103","V104","V105","V106","V107","V108","V109","V110","V111","V112","V113","V114","V115","V116","V117","V118","V119","V120","V121","V122","V123","V124","V127","V128","V129","V130","V131","V132","V133","V134","V135","V136","V137","V138","V139","V140"
"Azerbaijan",1.34200743494424,1.14993804213135,1.93432465923172,1.91449814126394,1.64312267657993,2.3729863692689,2.1003717472119,2.76827757125155,2.02602230483271,2.0272614622057,7.30731102850062,5.38909541511772,6.00247831474597,5.90086741016109,5.182156133829,5.15241635687732,4.28748451053284,6.46468401486989,7.11152416356877,1.43122676579926,2.48822800495663,2.57620817843866,3.61214374225527,2.90458488228005,2.9640644361834,2.69888475836431,1.93804213135068,2.59231722428748,2.35192069392813,2.67657992565056,2.33333333333333,2.35068153655514,1.80173482032218,2.63692688971499,2.21189591078067,2.26641883519207,2.17472118959108,2.44237918215613,2.3457249070632,2.5997521685254,2.53531598513011,2.63197026022305,2.96530359355638,2.31970260223048,3.28004956629492,1.85873605947955,6.70508054522924,3.59231722428748,7.40148698884758,7.46468401486989,4.3271375464684,7.36802973977695,6.80297397769517,5.76456009913259,7.01982651796778,8.12267657992565
"Australia",2.67533632286996,1.82152466367713,2.6152466367713,1.79461883408072,2.14618834080717,2.99013452914798,3.03946188340807,3.45829596412556,3.23587443946188,2.19192825112108,7.82780269058296,6.53632286995516,5.27982062780269,4.75067264573991,4.79551569506726,5.78744394618834,3.3067264573991,3.6914798206278,6.16053811659193,1.19910313901345,2.14439461883408,1.61345291479821,2.60538116591928,2.30762331838565,2.24035874439462,2.82062780269058,1.83587443946188,3.02869955156951,2.97399103139013,2.92466367713004,1.88430493273543,2.29775784753363,2.81614349775785,3.08789237668161,2.78206278026906,2.57130044843049,1.99461883408072,2.50403587443946,2.66457399103139,2.39013452914798,2.2780269058296,2.11569506726457,3.22780269058296,2.66726457399103,3.65739910313901,1.43766816143498,6.05022421524664,2.18295964125561,9.06367713004484,6.23139013452915,3.00179372197309,7.7237668161435,3.63856502242152,5.04215246636771,9.11479820627803,9.12466367713004
"Armenia",1.76388888888889,1.24652777777778,2.07638888888889,1.70486111111111,1.56944444444444,2.30555555555556,2.21527777777778,2.84027777777778,2.31944444444444,2.23611111111111,6.61111111111111,5.26736111111111,5.64236111111111,5.49652777777778,6.25,2.85416666666667,3.33333333333333,4.01736111111111,6.14236111111111,1.04861111111111,2.17013888888889,2.02083333333333,3.20833333333333,3.38541666666667,3.00347222222222,1.89236111111111,1.61111111111111,2.79861111111111,2.74652777777778,3.16666666666667,2.83680555555556,2.96875,2.74305555555556,3.01736111111111,2.96180555555556,2.83333333333333,2.38541666666667,2.65277777777778,2.33333333333333,2.47569444444444,2.52430555555556,2.32638888888889,2.24305555555556,2.59722222222222,2.75,1.53472222222222,7.21875,3.70138888888889,8.29166666666667,8.26388888888889,5.25347222222222,7.85763888888889,6.5,7.47222222222222,8.10416666666667,8.47916666666667
"Brazil",2.64406779661017,1.40254237288136,2.12005649717514,1.35169491525424,1.65395480225989,2.3319209039548,2.87146892655367,3.23022598870056,2.92514124293785,2.61440677966102,7.68926553672316,4.73587570621469,5.25141242937853,5.11440677966102,5.32627118644068,4.13983050847458,3.73446327683616,4.14124293785311,7.58474576271186,1.40112994350282,2.57062146892655,2.44350282485876,3.36581920903955,2.49858757062147,2.9816384180791,2.24717514124294,2.34039548022599,2.71892655367232,2.79661016949153,2.82203389830508,2.78107344632768,2.60734463276836,2.84322033898305,3.35734463276836,3.22881355932203,2.64971751412429,2.1045197740113,2.44774011299435,2.58333333333333,2.31214689265537,2.28954802259887,2.33474576271186,2.20480225988701,1.96186440677966,2.78531073446328,1.90254237288136,4.47316384180791,4.12005649717514,8.27966101694915,7.63841807909604,4.95197740112994,7.58898305084746,5.72881355932203,5.22598870056497,8.34322033898305,8.13135593220339
"Belarus",2.22,1.44545454545455,2.16090909090909,1.63545454545455,1.89636363636364,2.83545454545455,2.14181818181818,3.07090909090909,2.39454545454545,1.71818181818182,6.19363636363636,5.63454545454545,5.38272727272727,4.84545454545455,4.87272727272727,3.77545454545455,3.88727272727273,4.34,6.02363636363636,1.11181818181818,2.22090909090909,2.01909090909091,3.06545454545455,2.70727272727273,2.70818181818182,2.01363636363636,2.07,2.71454545454545,2.58818181818182,2.62272727272727,2.48090909090909,2.45181818181818,2.43090909090909,2.79272727272727,2.57545454545455,2.30181818181818,2.08454545454545,2.43818181818182,2.49636363636364,2.26727272727273,2.39272727272727,2.28818181818182,2.57,2.35090909090909,3.44272727272727,1.84545454545455,5.74454545454545,3.88181818181818,7.97363636363636,6.85454545454545,4.27181818181818,7.48545454545455,6.16545454545455,5.35363636363636,7.54181818181818,7.51545454545455
"Chile",2.39595375722543,1.5028901734104,2.02890173410405,1.41618497109827,1.8121387283237,2.67919075144509,2.8121387283237,3.02601156069364,3.02023121387283,2.55491329479769,7.29768786127168,5.74277456647399,5.08381502890173,3.71098265895954,7.07803468208092,4.27745664739884,4.10115606936416,4.51445086705202,6.76878612716763,1.13294797687861,2.36416184971098,2.16763005780347,2.97109826589595,2.65028901734104,2.60982658959538,2.47398843930636,2.45953757225434,2.52023121387283,2.44797687861272,2.57803468208092,2.21098265895954,2.8150289017341,2.77745664739884,3.16184971098266,2.91329479768786,2.8150289017341,2.33815028901734,2.79190751445087,2.67630057803468,2.27456647398844,2.2514450867052,2.23988439306358,2.63294797687861,2.36127167630058,3.11271676300578,1.55780346820809,7.04624277456647,4.08092485549133,8.621387283237,7.4364161849711,3.53757225433526,6.63583815028902,6.67919075144509,7.45375722543353,8.26878612716763,8.57514450867052
"Taiwan ROC",2.12019230769231,1.15745192307692,2.44471153846154,1.28846153846154,1.88822115384615,2.96274038461538,2.84615384615385,3.06490384615385,2.86778846153846,2.10096153846154,7.53004807692308,6.86418269230769,4.53846153846154,5.96274038461539,4.9375,5.46274038461539,3.25120192307692,4.02764423076923,7.29326923076923,1.16586538461538,2.14182692307692,1.79447115384615,2.79447115384615,2.47235576923077,2.57451923076923,2.21274038461538,2.453125,2.83173076923077,2.76802884615385,2.37259615384615,2.32331730769231,2.52644230769231,2.60697115384615,2.96274038461538,2.92668269230769,2.40264423076923,2.09495192307692,2.21394230769231,2.08653846153846,2.09615384615385,2.02884615384615,2.01682692307692,2.11418269230769,2.26201923076923,3.25480769230769,1.76201923076923,6.71153846153846,3.17788461538462,8.80168269230769,7.42788461538461,2.94350961538462,8.328125,6.41346153846154,5.42788461538461,8.69831730769231,9.015625
"Colombia",2.463133640553,1.30299539170507,1.99193548387097,1.40437788018433,1.64400921658986,2.64976958525346,2.90322580645161,3.18778801843318,3.0184331797235,2.41589861751152,8.23271889400922,6.17511520737327,6.18663594470046,5.17165898617511,5.69700460829493,4.82718894009217,4.0794930875576,4.70622119815668,7.47119815668203,1.23387096774194,2.56797235023041,2.35483870967742,3.36751152073733,2.99884792626728,3.10483870967742,1.86405529953917,2.26267281105991,2.73963133640553,2.73041474654378,3.12672811059908,2.54723502304147,2.80760368663594,2.67741935483871,3.2073732718894,3.15783410138249,3.06797235023041,1.90207373271889,2.19930875576037,2.46198156682028,1.92857142857143,1.92281105990783,1.93433179723502,2.40092165898618,2.21774193548387,2.80299539170507,1.88709677419355,5.79953917050691,4.41589861751152,7.46774193548387,6.05414746543779,4.93778801843318,6.45161290322581,4.98502304147465,5.89976958525346,7.91013824884793,8.26612903225806
"Cyprus",2.24363636363636,1.60909090909091,2.25090909090909,1.64181818181818,1.66181818181818,2.83636363636364,2.73818181818182,3.40909090909091,2.81454545454545,2.38909090909091,7.72363636363636,4.71454545454545,5.21454545454545,3.62,4.74545454545455,3.81090909090909,3.82363636363636,5.06363636363636,6.37272727272727,1.15636363636364,2.15090909090909,1.92909090909091,3.28909090909091,2.89454545454545,2.88181818181818,2.18727272727273,1.94909090909091,2.52363636363636,2.46909090909091,2.55090909090909,2.2,2.07636363636364,2.55272727272727,2.89090909090909,2.58,2.48727272727273,2.00363636363636,2.32545454545455,2.21454545454545,2.15272727272727,2.17454545454545,2.14909090909091,2.61636363636364,2.43272727272727,3.31636363636364,1.48,5.67636363636364,3.13636363636364,8.22727272727273,7.31818181818182,3.50909090909091,6.91090909090909,6.08181818181818,6.52909090909091,8.12909090909091,8.86727272727273
"Ecuador",2.36126629422719,1.41247672253259,2.02513966480447,1.68715083798883,1.28212290502793,2.1657355679702,2.91340782122905,3.04003724394786,3.02141527001862,2.27001862197393,7.93202979515829,5.67039106145251,5.59310986964618,5.64432029795158,5.74487895716946,5.54376163873371,3.85102420856611,3.68249534450652,7.16480446927374,1.20949720670391,2.54841713221601,2.67132216014898,3.3147113594041,2.86685288640596,3.07355679702048,1.74301675977654,2.33240223463687,2.6098696461825,2.60055865921788,2.94972067039106,2.54562383612663,2.85940409683426,2.46927374301676,3.07355679702048,2.92830540037244,3.09590316573557,2.1024208566108,2.45437616387337,2.56517690875233,2.45344506517691,2.41154562383613,2.50372439478585,2.13594040968343,2.57169459962756,3.07541899441341,1.63687150837989,5.70018621973929,4.6852886405959,7.45623836126629,5.78212290502793,5.20111731843575,6.41527001862197,5.99813780260708,6.26908752327747,7.96368715083799,8.51582867783985
"Estonia",2.47714285714286,1.34571428571429,2.20857142857143,1.41714285714286,2.13714285714286,3.00571428571429,2.51571428571429,3.26571428571429,2.75,1.71428571428571,6.61857142857143,6.17571428571429,5.44142857142857,3.99285714285714,5.58857142857143,3.95142857142857,3.70428571428571,4.89142857142857,5.71428571428571,1.12571428571429,2.11571428571429,1.84285714285714,2.98857142857143,2.65714285714286,2.48428571428571,2.28571428571429,2.14142857142857,2.67857142857143,2.37,2.40714285714286,2.04857142857143,2.21,2.49142857142857,2.89571428571429,2.67285714285714,2.25571428571429,1.73,2.38857142857143,2.25,2.17571428571429,2.26,2.14142857142857,2.85142857142857,2.26142857142857,3.54285714285714,1.83857142857143,7.04714285714286,3.56,8.51142857142857,8.09714285714286,3.97,8.15,6.80714285714286,4.60428571428571,8.53714285714286,8.50142857142857
"Georgia",2.00490196078431,1.31617647058824,2.23529411764706,1.51225490196078,1.56617647058824,2.20098039215686,2.30392156862745,3.16176470588235,2.41666666666667,2.38725490196078,6.28921568627451,6.13480392156863,5.2671568627451,5.77205882352941,5.11519607843137,3.11764705882353,3.29166666666667,5.08088235294118,6.34313725490196,1.08578431372549,1.96813725490196,2.16911764705882,3.04166666666667,2.73039215686275,2.6078431372549,1.59803921568627,2.06617647058824,2.97549019607843,2.87745098039216,3.04656862745098,2.58088235294118,2.81372549019608,2.9093137254902,3.05882352941176,2.90441176470588,2.6078431372549,2.45098039215686,2.79656862745098,2.98774509803922,2.51960784313725,2.47303921568627,2.36274509803922,2.36519607843137,2.66911764705882,3.34558823529412,1.71323529411765,4.77205882352941,4.04166666666667,7.8406862745098,6.93382352941176,4.26470588235294,6.61029411764706,5.20098039215686,5.46078431372549,7.58578431372549,8.43137254901961
"Germany",2.49535080304311,1.92645815722739,2.4480135249366,1.34995773457312,2.03465765004227,2.9585798816568,3.17244294167371,3.36517328825021,3.13271344040575,2.48013524936602,7.16906170752325,5.77768385460693,4.89095519864751,3.80557903634827,5.26627218934911,4.52662721893491,4.10904480135249,4.66187658495351,5.83262890955199,1.24767540152156,2.12933220625528,1.89518174133559,2.82502113271344,2.50972104818259,2.51141166525782,2.84023668639053,2.2916314454776,2.58579881656805,2.56128486897718,2.48182586644125,1.97717666948436,2.13355874894336,2.58495350803043,2.86390532544379,2.57988165680473,2.44125105663567,1.97125950972105,2.91377852916314,2.99154691462384,2.28740490278952,2.22654268808115,2.12341504649197,3.27895181741336,2.45477599323753,3.69737954353339,1.39475908706678,7.03803888419273,2.18850380388842,9.19357565511412,7.99070160608622,2.56720202874049,8.12933220625528,6.05579036348267,2.35841081994928,9.23330515638208,8.9737954353339
"Ghana",1.96971649484536,1.2860824742268,1.77319587628866,1.69780927835052,1.26739690721649,2.80927835051546,1.83247422680412,2.95296391752577,2.15077319587629,2.70940721649485,7.43492268041237,5.03286082474227,5.53737113402062,6.88788659793814,5.67074742268041,5.00708762886598,2.96585051546392,3.01224226804124,5.84922680412371,1.51675257731959,2.52255154639175,2.36726804123711,3.18943298969072,2.66365979381443,2.9735824742268,1.47036082474227,1.84664948453608,2.28414948453608,2.04703608247423,2.34020618556701,2.36533505154639,2.31572164948454,2.30476804123711,2.72036082474227,2.43234536082474,2.18170103092783,1.68814432989691,1.98711340206186,1.84536082474227,2.10115979381443,2.05219072164948,1.94845360824742,3.32538659793814,2.55412371134021,3.32667525773196,1.25257731958763,4.85889175257732,4.14884020618557,8.32474226804124,5.42654639175258,3.11146907216495,6.61726804123711,4.62886597938144,8.12306701030928,7.86855670103093,8.45682989690722
"Haiti",1.98985074626866,1.47880597014925,1.61074626865672,1.57014925373134,1.56537313432836,2.68955223880597,2.78567164179104,2.26089552238806,2.19044776119403,3.00477611940298,5.06268656716418,2.61731343283582,2.72537313432836,3.69850746268657,4.38746268656716,3.45313432835821,6.06686567164179,8.65313432835821,2.11582089552239,1.97970149253731,2.92238805970149,2.71820895522388,2.96477611940298,2.48716417910448,3.07223880597015,3.25492537313433,3.57134328358209,3.00597014925373,2.8734328358209,2.82686567164179,3.35641791044776,3.30746268656716,3.34985074626866,3.46626865671642,3.13253731343284,3.49313432835821,2.78925373134328,3.06268656716418,2.8865671641791,2.80119402985075,3.05671641791045,3.18567164179104,3.49134328358209,2.76716417910448,3.16597014925373,2.14029850746269,6.15761194029851,4.47940298507463,6.98985074626866,4.30865671641791,2.74029850746269,6.58985074626866,3.29432835820896,4.48477611940299,6.34268656716418,6.37611940298507
"Hong Kong SAR",2.16100766703176,1.2289156626506,2.10843373493976,1.5487404162103,2.23110624315444,2.26725082146769,2.68784227820372,2.88170865279299,2.7513691128149,2.06243154435926,6.82694414019715,6.53559693318729,5.4184008762322,5.9408543263965,5.69989047097481,6.10186199342826,3.92004381161008,3.9671412924425,7.09309967141292,1.18400876232202,2.19496166484118,1.78641840087623,2.92552026286966,2.55421686746988,2.59802847754655,2.37568455640745,2.37787513691128,2.64403066812705,2.57064622124863,2.55202628696605,1.986856516977,1.77984665936473,2.32639649507119,2.84556407447974,2.5684556407448,2.34720700985761,1.93537787513691,2.3855421686747,2.06681270536692,2.12595837897043,2.21139101861993,2.20043811610077,2.80941949616648,2.56297918948521,3.27491785323111,1.93428258488499,5.97261774370208,3.55750273822563,7.60021905805038,6.35487404162103,3.71631982475356,7.26286966046002,5.62541073384447,4.47754654983571,7.86089813800657,7.82037239868565
"India",1.72852664576803,1.3705329153605,1.9742946708464,1.4012539184953,1.38557993730408,1.87272727272727,2.20940438871473,2.68401253918495,2.22319749216301,2.12100313479624,7.01567398119122,5.19059561128527,5.80940438871473,3.16551724137931,5.44514106583072,3.47899686520376,2.8282131661442,3.11912225705329,5.15799373040752,1.13291536050157,1.78996865203762,1.90721003134796,2.88275862068966,2.40062695924765,2.83510971786834,1.27210031347962,1.61253918495298,1.90470219435737,1.88150470219436,2.12664576802508,2.34858934169279,2.10783699059561,2.42382445141066,2.64326018808777,2.26144200626959,2.27586206896552,1.78620689655172,2.31222570532915,1.60438871473354,2.11849529780564,2.04827586206897,2.2025078369906,2.20564263322884,2.0551724137931,2.57868338557994,1.51097178683386,6.94984326018809,3.86583072100313,7.69404388714734,7.09717868338558,5.72601880877743,7.15924764890282,6.88087774294671,6.63448275862069,7.99811912225705,7.70094043887147
"Japan",1.79385964912281,1.35964912280702,2.11842105263158,1.52631578947368,2.12280701754386,2.78947368421053,2.60964912280702,2.8640350877193,2.6359649122807,1.96929824561404,6.12719298245614,5.34210526315789,5.89035087719298,5.61842105263158,4.57894736842105,4.18421052631579,3.83333333333333,4.18859649122807,6.05701754385965,1.24561403508772,2.38157894736842,2.07456140350877,3.07456140350877,3.00438596491228,2.88157894736842,3.20175438596491,2.06578947368421,2.21491228070175,2.29824561403509,2.67982456140351,2.09210526315789,1.92982456140351,2.78947368421053,2.94298245614035,2.89035087719298,2.60526315789474,2.28508771929825,2.46052631578947,2.33333333333333,2.6140350877193,2.74122807017544,2.77631578947368,2.82456140350877,2.56578947368421,3.71052631578947,1.70614035087719,6.39473684210526,2.15789473684211,7.83771929824561,6.71491228070175,2.20175438596491,7.39473684210526,3.81578947368421,2.95175438596491,7.92105263157895,8.66666666666667
"Kazakhstan",1.842,1.308,2.10066666666667,1.55,1.58733333333333,2.63266666666667,2.19266666666667,3.00333333333333,2.414,1.76666666666667,7.03733333333333,6.03666666666667,6.178,5.33933333333333,6.686,4.02466666666667,4.838,4.63266666666667,6.37133333333333,1.09,2.04733333333333,2,3.15333333333333,2.66333333333333,2.49266666666667,2.346,2.134,2.49666666666667,2.302,2.63466666666667,2.52133333333333,2.528,2.05,2.448,2.228,2.20066666666667,2.27466666666667,2.40866666666667,2.45933333333333,2.42666666666667,2.39733333333333,2.39133333333333,2.19866666666667,2.506,3.26066666666667,1.716,6.76133333333333,3.982,8.07466666666667,7.814,4.84666666666667,7.90266666666667,7.378,6.586,8.05533333333333,8.64733333333333
"South Korea",1.96171802054155,1.35294117647059,2.16619981325864,1.54901960784314,1.91970121381886,2.45845004668534,2.62091503267974,3.07282913165266,2.70868347338936,2.57703081232493,6.7563025210084,6.67040149393091,5.33986928104575,6.38935574229692,5.40336134453782,3.46778711484594,3.86181139122316,4.27264239028945,5.98692810457516,1.15873015873016,2.22875816993464,2.02240896358543,3.07843137254902,2.65266106442577,2.79831932773109,2.4733893557423,2.296918767507,2.3828197945845,2.35667600373483,2.73202614379085,2.42203548085901,2.28291316526611,2.57142857142857,2.92903828197946,2.91596638655462,2.56302521008403,2.27917833800187,2.4593837535014,2.14659197012138,2.28291316526611,2.37161531279178,2.24929971988796,2.53501400560224,2.46218487394958,3.49486461251167,2.05695611577964,7.35200746965453,3.10364145658263,8.21942110177404,7.01587301587302,3.02521008403361,7.06816059757236,4.93650793650794,4.28011204481793,7.68627450980392,8.47058823529412
"Kyrgyzstan",1.80557648831952,1.58477769404672,1.95327807083647,1.76488319517709,1.31424265259985,2.65636774679729,2.21778447626225,2.61115297663904,2.36623963828184,1.9336850037679,7.39412207987943,6.34438583270535,6.53654860587792,6.0542577241899,5.81763376036172,5.11981914091937,4.66013564431047,3.73172569706104,6.82743029389601,1.06103993971364,1.91409193669932,2.19216277317257,3.20120572720422,3.10700828937453,2.97663903541824,2.51469480030143,2.293142426526,2.44084400904295,2.20497362471741,2.46721929163527,2.44536548605878,2.55086661642803,2.41899020346647,2.5440844009043,2.46495855312735,2.35192162773173,2.34363225320271,2.41823662396383,2.18613413715147,2.43707611152977,2.40844009042954,2.28937452901281,1.82215523737754,2.46646571213263,2.62170308967596,2.06932931424265,5.3172569706104,4.13112283345893,6.66616428033158,6.32253202712886,4.87113790504898,6.37603617181613,6.43029389600603,6.71665410700829,7.45290128108515,7.88244159758855
"Libya",1.47159090909091,1.20880681818182,1.83948863636364,1.68323863636364,1.16193181818182,2.00142045454545,1.73721590909091,2.67755681818182,1.86647727272727,2.08806818181818,7.11079545454545,5.609375,5.82528409090909,6.65625,5.79545454545455,4.00142045454545,2.91619318181818,3.15056818181818,7.25994318181818,1.05681818181818,1.81534090909091,1.83380681818182,3.21590909090909,3.25,3.19886363636364,2.36363636363636,2.30681818181818,3.00284090909091,2.96732954545455,2.96448863636364,2.25994318181818,2.26704545454545,2.9375,3.50568181818182,3.23721590909091,2.56534090909091,2.31818181818182,2.53409090909091,2.15340909090909,2.51988636363636,2.68607954545455,2.18607954545455,2.81534090909091,2.17471590909091,2.34375,1.44744318181818,5.61363636363636,5.49715909090909,7.703125,6.71164772727273,6.203125,7.28693181818182,5.42471590909091,6.18323863636364,6.22727272727273,8.14772727272727
"Malaysia",1.61252900232019,1.13302397525135,2.08662026295437,1.32095901005414,1.33255993812838,2.94276875483372,2.09048723897912,2.5815931941222,2.33952049497293,2.47795823665893,7.49961330239752,5.90796597061098,6.60170146945089,6.65351894818252,6.07888631090487,5.96442382057231,3.53750966744006,3.64114462490333,6.85924207269915,1.18561484918794,2.09435421500387,2.09126063418407,3.33488012374323,2.81206496519722,3.19953596287703,1.61484918793503,1.95746326372776,2.16782675947409,2.14230471771075,2.09512761020882,2.08739365815932,1.98143851508121,2.10904872389791,2.35421500386698,2.24052590873937,2.10054137664346,1.95978344934261,2.16395978344934,1.96983758700696,2.09048723897912,2.10672853828306,2.09280742459397,2.51353441608662,2.33255993812838,2.74091260634184,1.61252900232019,6.68600154679041,5.64346481051818,7.8662026295437,6.21964423820572,5.1322505800464,7.48646558391338,6.5676720804331,8.08739365815932,7.723124516628,8.60788863109049
"Mexico",2.53907692307692,1.608,1.99876923076923,1.61907692307692,1.54769230769231,2.57415384615385,2.92984615384615,2.95076923076923,2.98584615384615,2.304,8.41723076923077,6.20738461538462,6.21907692307692,5.40430769230769,6.09969230769231,4.64676923076923,3.67384615384615,3.35261538461538,7.73353846153846,1.25846153846154,2.55938461538462,2.48369230769231,3.44,3.02092307692308,3.17969230769231,2.088,2.22092307692308,2.96061538461538,2.83815384615385,3.09784615384615,2.98584615384615,2.92553846153846,2.75076923076923,3.15569230769231,3.06830769230769,3.152,1.87261538461538,2.39815384615385,2.56861538461538,2.096,2.07753846153846,2.23323076923077,2.43384615384615,2.23569230769231,2.51446153846154,1.97846153846154,5.04492307692308,4.32923076923077,7.264,6.06276923076923,5.83507692307692,6.63015384615385,5.61046153846154,5.42276923076923,8.31569230769231,8.58892307692308
"Netherlands",2.7046204620462,2.11386138613861,2.79372937293729,1.496699669967,2.34653465346535,3.08085808580858,3.16006600660066,3.3976897689769,3.24092409240924,2.52145214521452,6.9950495049505,6.87458745874587,5.6039603960396,5.43729372937294,5.47524752475248,5.96699669966997,4.74092409240924,4.65016501650165,6.10561056105611,1.46864686468647,2.13201320132013,1.9042904290429,2.83333333333333,2.56105610561056,2.58745874587459,2.96369636963696,2.41749174917492,2.72607260726073,2.63696369636964,2.7046204620462,2.27722772277228,2.25412541254125,2.71782178217822,2.93234323432343,2.66996699669967,2.68481848184818,2.12046204620462,2.66171617161716,2.94719471947195,2.57920792079208,2.56105610561056,2.56765676567657,2.97854785478548,2.46699669966997,3.71287128712871,1.66006600660066,6.07095709570957,2.17656765676568,8.1947194719472,7.16336633663366,2.68316831683168,8.14191419141914,5.08085808580858,4.48844884488449,9.1023102310231,9.0049504950495
"Nigeria",1.61057418988061,1.40704945992041,1.75554292211484,1.636725412166,1.23649801023309,2.64070494599204,1.86128482092098,2.55656623081296,2.04150085275725,2.42751563388289,7.17907902217169,5.63899943149517,5.58726549175668,6.55884025014213,5.60830017055145,4.30073905628198,3.93177942012507,4.28766344513928,5.89425810119386,1.14837976122797,2.09209778283115,2.27231381466742,3.10289937464468,2.67481523592951,2.87094940306993,1.37180216031836,2.21716884593519,2.26037521318931,2.07731665719159,2.51279135872655,2.95281409891984,2.55315520181922,2.78283115406481,2.88175099488346,2.72996020466174,2.32632177373508,2.07504263786242,2.20466173962479,2.05685048322911,2.39226833428084,2.363274587834,2.2865264354747,2.64297896532121,2.1085844229676,2.78794769755543,1.47242751563388,5.17509948834565,5.03354178510517,7.37464468447982,6.45309835133599,5.09721432632177,6.64127345082433,5.44115974985787,7.10517339397385,6.77202956225128,7.77373507674815
"Pakistan",1.49403341288783,1.51193317422434,1.98568019093079,2.05131264916468,1.37231503579952,2.11217183770883,1.89737470167064,2.30668257756563,1.87828162291169,2.56443914081146,7.21479713603819,5.98806682577566,7.37708830548926,6.55131264916468,5.60262529832936,5.41408114558473,4.12410501193317,4.02386634844869,7.06085918854415,1.21718377088305,1.94033412887828,2.21837708830549,2.91885441527446,3.06921241050119,3.21360381861575,1.11933174224344,1.75775656324582,2.74105011933174,2.60143198090692,2.72434367541766,3.25059665871122,2.58949880668258,2.85560859188544,2.87589498806683,3.04295942720764,2.74940334128878,2.33651551312649,2.55966587112172,2.26252983293556,2.76610978520286,2.7291169451074,2.71837708830549,2.60143198090692,1.98210023866348,2.29713603818616,1.88305489260143,8.54295942720764,7.40453460620525,8.09785202863962,8.30071599045346,6.89260143198091,7.36515513126492,6.52744630071599,7.16587112171838,7.74343675417661,7.77207637231504
"Peru",2.47611464968153,1.43312101910828,2.23407643312102,1.51114649681529,1.56050955414013,2.64012738853503,3.02707006369427,3.09235668789809,3.07802547770701,2.26751592356688,7.42675159235669,5.48407643312102,5.56687898089172,5.8312101910828,5.71974522292994,5.12738853503185,3.74363057324841,3.95859872611465,7.44904458598726,1.3359872611465,2.8328025477707,2.60031847133758,3.64012738853503,3.29140127388535,3.47292993630573,1.98248407643312,2.85350318471338,2.86146496815287,2.79936305732484,3.19745222929936,2.98248407643312,3.18949044585987,3.05732484076433,3.38057324840764,3.35350318471338,3.29777070063694,2.23885350318471,2.69108280254777,2.6640127388535,2.38375796178344,2.33917197452229,2.41082802547771,2.38694267515924,2.27388535031847,2.96178343949045,1.60509554140127,4.93312101910828,4.28503184713376,7.95541401273885,5.54777070063694,4.34713375796178,6.67356687898089,5.67834394904459,6.23089171974522,8.26592356687898,8.60828025477707
"Philippines",1.6260017809439,1.27159394479074,2.17720391807658,1.55654496883348,1.39358860195904,2.48975957257346,2.20480854853072,2.55654496883348,2.46126447016919,1.86553873552983,7.31878895814782,6.56812110418522,6.76758682101514,6.36420302760463,6.33125556544969,6.11308993766696,4.10418521816563,3.73820124666073,5.99554764024933,1.14692787177204,2.22261798753339,2.05520926090828,3.08548530721282,2.77114870881567,2.96527159394479,1.32680320569902,2.12822796081923,2.16918967052538,2.00178094390027,2.49510240427427,2.20480854853072,2.18610863757792,2.36420302760463,2.54674977738201,2.3713268032057,2.23508459483526,1.94300979519145,2.24487978628673,1.9839715048976,1.89047195013357,1.79964381121995,1.87355298308103,2.43365983971505,2.44968833481745,2.57079252003562,1.96527159394479,6.56901157613535,5.67853962600178,7.24042742653606,6.99020480854853,5.02938557435441,6.77827248441674,6.31522707034728,6.65627782724844,7.56990204808549,7.9973285841496
"Poland",2.27631578947368,1.49671052631579,2.45065789473684,1.43421052631579,1.79934210526316,2.3125,2.64144736842105,2.98026315789474,2.85197368421053,2.56907894736842,6.86842105263158,5.01973684210526,5.27960526315789,6.29934210526316,6.03618421052632,4.76644736842105,4.64802631578947,5.26644736842105,6.21710526315789,1.29605263157895,2.14473684210526,2.01973684210526,2.84868421052632,2.47368421052632,2.44736842105263,2.42434210526316,2.28947368421053,2.81907894736842,2.79605263157895,2.94078947368421,2.52302631578947,2.59210526315789,3.04605263157895,3.20723684210526,3.07236842105263,2.86513157894737,2.18421052631579,2.58881578947368,2.56578947368421,2.41118421052632,2.38157894736842,2.19407894736842,3.04276315789474,2.06907894736842,3.07236842105263,2.00657894736842,5.73355263157895,3.52631578947368,8.5625,6.70723684210526,3.88815789473684,8.27302631578947,5.41447368421053,4.19407894736842,8.61842105263158,8.61513157894737
"Romania",2.00149253731343,1.43283582089552,2.35223880597015,1.35820895522388,1.77910447761194,2.82537313432836,2.60746268656716,3.18805970149254,2.83283582089552,2.84925373134328,7.91641791044776,4.97164179104478,5.71044776119403,6.04776119402985,5.76268656716418,5.29850746268657,3.0089552238806,3.21940298507463,6.89701492537313,1.23731343283582,2.63283582089552,2.44626865671642,3.33582089552239,2.94776119402985,2.96268656716418,1.95223880597015,2.09402985074627,2.81194029850746,2.74179104477612,3.03432835820896,2.62238805970149,2.79402985074627,3.08358208955224,3.25373134328358,3.17910447761194,2.95373134328358,2.18805970149254,2.55970149253731,2.66268656716418,2.48208955223881,2.47462686567164,2.52388059701493,1.96119402985075,1.76119402985075,2.93582089552239,1.64626865671642,5.9089552238806,3.68955223880597,8.44328358208955,7.82537313432836,4.71044776119403,8.55074626865672,6.11492537313433,5.52835820895522,8.76567164179104,8.74179104477612
"Russia",2.12,1.39478260869565,2.14434782608696,1.64347826086957,2.07130434782609,2.59304347826087,2.36347826086957,2.85217391304348,2.49913043478261,1.89565217391304,5.9704347826087,5.6904347826087,5.57391304347826,3.87652173913043,6.05391304347826,3.34086956521739,4.49391304347826,4.84347826086957,5.79130434782609,1.17565217391304,2.17565217391304,2.02260869565217,3.02086956521739,2.73739130434783,2.74782608695652,2.19304347826087,2.35826086956522,2.8,2.72173913043478,2.77739130434783,2.8104347826087,2.79130434782609,2.72,2.99478260869565,2.92521739130435,2.65217391304348,2.46086956521739,2.76173913043478,2.74086956521739,2.55130434782609,2.61391304347826,2.53913043478261,2.20173913043478,2.28,3.10260869565217,2.05913043478261,6.97739130434783,3.98782608695652,7.61913043478261,7.57913043478261,4.78434782608696,7.65913043478261,7.05391304347826,6.06782608695652,7.75652173913043,7.39478260869565
"Rwanda",1.92655737704918,1.68065573770492,2.02754098360656,1.83737704918033,1.62754098360656,2.64262295081967,2.49770491803279,2.72459016393443,2.52459016393443,2.53049180327869,6.84918032786885,6.23409836065574,5.43803278688525,4.26688524590164,3.73967213114754,3.45508196721311,4.13114754098361,4.00262295081967,6.23672131147541,1.28065573770492,1.68196721311475,1.97770491803279,2.68655737704918,2.65901639344262,2.8872131147541,2.28983606557377,2.21573770491803,2.44590163934426,2.52196721311475,2.47540983606557,2.26491803278689,2.30426229508197,2.21901639344262,2.47081967213115,2.25508196721311,2.29377049180328,2.33245901639344,2.45573770491803,2.24065573770492,2.49311475409836,2.37704918032787,2.3744262295082,3.11934426229508,2.60262295081967,2.48918032786885,1.50491803278689,4.97377049180328,4.90754098360656,7.03344262295082,6.9127868852459,6.26032786885246,7.3055737704918,7.12655737704918,7.3383606557377,7.5927868852459,7.69245901639344
"Slovenia",2.70135746606335,1.4841628959276,2.48642533936652,1.52941176470588,2.11764705882353,2.95022624434389,2.97737556561086,3.27149321266968,3.04524886877828,2.64705882352941,7.95248868778281,5.71719457013575,5.14253393665158,3.49321266968326,4.75339366515837,4.15837104072398,4.05203619909502,4.25565610859729,5.40497737556561,1.17873303167421,2.31221719457014,1.97285067873303,3.24434389140271,2.84162895927602,2.77601809954751,3.03619909502262,2.68552036199095,2.83484162895928,2.65384615384615,3.05656108597285,2.56561085972851,2.84389140271493,3.26470588235294,3.41855203619909,3.26923076923077,3.14932126696833,2.34389140271493,2.71266968325792,2.63122171945701,2.44796380090498,2.5,2.66968325791855,3.07239819004525,1.98642533936652,3.65158371040724,1.95927601809955,5.99547511312217,2.5158371040724,8.33484162895928,6.95927601809955,3.40497737556561,7.34615384615385,6.13122171945701,4.56334841628959,8.57239819004525,7.83257918552036
"South Africa",2.12331942512749,1.71905424200278,1.9146963375058,1.62540565600371,1.59527121001391,2.37320352341215,2.35465924895688,2.64302271673621,2.45897079276773,2.36856745479833,7.18636995827538,6.20120537783959,6.36764024107557,6.1483541956421,6.38803894297636,5.96152063050533,5.30968938340287,4.94946685210941,6.3416782568382,1.34214186369958,2.07464070468243,2.23412146499768,2.6356050069541,2.40611961057024,2.50950394065832,1.8919796012981,2.46175243393602,2.32684283727399,2.14418173388966,2.52897542883635,2.48215113583681,2.38293926750116,2.45062586926287,2.64626796476588,2.54195642095503,2.54473806212332,2.32174316179879,2.44135373203523,2.34306907742235,2.45526193787668,2.40565600370886,2.44830783495596,2.24246638850255,2.15438108484006,2.42049142327306,1.99814557255447,6.74826147426982,6.65924895688456,6.85999072786277,6.7009735744089,6.38757533611497,6.6583217431618,6.65044042651831,6.80667593880389,6.96615669911915,7.5326842837274
"Zimbabwe",2.24333333333333,1.40866666666667,1.79333333333333,1.83533333333333,1.29666666666667,2.84133333333333,2.30933333333333,3.13466666666667,2.55066666666667,2.56666666666667,6.66,4.744,5.224,6.97733333333333,4.742,3.87066666666667,3.52133333333333,3.61533333333333,5.95533333333333,1.23533333333333,2.328,2.26333333333333,3.36066666666667,2.79866666666667,3.05666666666667,1.57933333333333,2.31266666666667,2.72933333333333,2.542,2.61333333333333,2.44333333333333,2.36933333333333,2.53333333333333,2.78133333333333,2.594,2.448,1.84733333333333,2.068,2.09733333333333,2.176,2.186,1.93466666666667,3.338,2.37933333333333,3.2,1.298,5.27266666666667,4.094,8.62933333333333,6.93533333333333,4.18,7.71466666666667,4.12466666666667,6.808,6.95733333333333,8.75066666666667
"Spain",2.67272727272727,1.83030303030303,2.58181818181818,1.5979797979798,1.87676767676768,2.75151515151515,3.02222222222222,3.0969696969697,3.05656565656566,2.51717171717172,7.05252525252525,5.62828282828283,4.83030303030303,5.25050505050505,5.4969696969697,4.69090909090909,4.09090909090909,4.43434343434343,5.85858585858586,1.05656565656566,1.88686868686869,1.82828282828283,2.74747474747475,2.60606060606061,2.58383838383838,3.01818181818182,2.47272727272727,2.73939393939394,2.78989898989899,3.02424242424242,2.37777777777778,2.63838383838384,3.02222222222222,3.08888888888889,2.73131313131313,2.76565656565657,2.07676767676768,2.88484848484848,3.21212121212121,2.43434343434343,2.55151515151515,2.31919191919192,2.56565656565657,2.48484848484848,3.5030303030303,1.47474747474747,7.03434343434343,3.84848484848485,8.39191919191919,7.99191919191919,2.77979797979798,7.9010101010101,6.7979797979798,6.1959595959596,8.65454545454545,8.46060606060606
"Sweden",2.93631669535284,2.66437177280551,2.57487091222031,1.73321858864028,2.21170395869191,2.7986230636833,3.32874354561102,3.55938037865749,3.39414802065404,2.64199655765921,7.75731497418244,7.11703958691911,5.67297762478485,5.19621342512909,5.1566265060241,5.60068846815835,3.65576592082616,4.19621342512909,6.17383820998279,1.08261617900172,1.81411359724613,1.5473321858864,2.35111876075731,1.99827882960413,1.91738382099828,2.42857142857143,2.40619621342513,2.65404475043029,2.4974182444062,2.49053356282272,1.99827882960413,1.95697074010327,2.24784853700516,2.5249569707401,2.24956970740103,2.3631669535284,1.86746987951807,2.44922547332186,2.42685025817556,2.17211703958692,2.25645438898451,2.48192771084337,3.18588640275387,2.8382099827883,3.50946643717728,1.28399311531842,6.54388984509466,1.98967297762478,9.27538726333907,7.45611015490534,2.29432013769363,8.63855421686747,3.23924268502582,3.47848537005164,9.41480206540447,9.43545611015491
"Thailand",2.11848958333333,1.55859375,2.31770833333333,1.70572916666667,1.48046875,2.02473958333333,2.40364583333333,2.87239583333333,2.734375,2.6484375,7.57552083333333,5.60546875,5.94791666666667,5.16796875,6.57552083333333,4.74479166666667,4.828125,4.21354166666667,7.5703125,1.11979166666667,2.02604166666667,2.11328125,3.13151041666667,2.98046875,3.11458333333333,1.94270833333333,2.015625,2.55208333333333,2.41796875,2.59114583333333,2.50651041666667,1.91927083333333,2.421875,2.73697916666667,2.54557291666667,2.3203125,1.80078125,2.33072916666667,1.80989583333333,2.18489583333333,2.1328125,2.28776041666667,2.93489583333333,2.8828125,2.79427083333333,1.37890625,6.55859375,4.67317708333333,7.921875,7.78385416666667,5.62890625,7.23697916666667,6.78515625,6.65364583333333,7.89713541666667,8.44401041666667
"Trinidad and Tobago",2.48314606741573,1.26966292134831,1.9625468164794,1.40449438202247,1.52059925093633,2.75280898876404,2.94756554307116,3.43820224719101,2.96629213483146,2.13857677902622,8.34831460674157,3.83520599250936,6.36704119850187,6.98876404494382,5.26591760299625,6.08239700374532,3.06367041198502,3.02621722846442,7.22846441947566,1.38951310861423,2.44194756554307,2.0749063670412,3.27340823970037,2.48314606741573,2.59925093632959,2.17977528089888,2.57677902621723,2.82022471910112,2.73782771535581,2.8876404494382,2.8876404494382,2.76404494382022,2.68539325842697,2.97378277153558,2.8314606741573,2.69662921348315,2.05992509363296,2.61797752808989,2.48689138576779,2.44943820224719,2.40074906367041,2.32958801498127,3.32958801498127,2.89513108614232,3.54681647940075,1.79026217228464,4.40823970037453,3.25093632958801,8.41947565543071,5.89513108614232,3.85767790262172,7.00749063670412,4.31086142322097,6.1685393258427,8.28464419475655,8.38576779026217
"Turkey",1.68562231759657,1.58905579399142,1.80579399141631,1.45278969957082,1.42811158798283,2.24356223175966,2.08583690987124,2.82510729613734,2.24141630901288,2.06330472103004,7.52575107296137,5.57188841201717,5.98497854077253,4.65987124463519,5.7156652360515,4.5225321888412,4.36158798283262,4.47854077253219,5.03862660944206,1.06437768240343,1.83476394849785,1.92381974248927,3.02789699570815,2.7381974248927,2.72317596566524,2.10515021459227,1.96244635193133,2.66416309012876,2.6255364806867,2.62660944206009,2.06437768240343,2.16416309012876,2.4206008583691,2.7843347639485,2.46888412017167,2.39914163090129,2.181330472103,2.53648068669528,2.75536480686695,2.44957081545064,2.33369098712446,2.431330472103,2.41416309012876,2.32832618025751,2.93240343347639,1.6362660944206,7.50965665236051,5.18669527896996,8.24463519313305,8.14270386266094,4.9881974248927,7.66201716738197,7.65987124463519,5.70064377682403,8.19420600858369,8.56974248927039
"Ukraine",2.2049883086516,1.37334372564302,2.28994544037412,1.5510522213562,1.90023382696804,2.6664068589244,2.41387373343726,3.04988308651598,2.54715510522214,1.6024941543258,6.61262665627436,5.64848012470772,5.49493374902572,3.48791893998441,6.67420109119252,3.04832424006235,4.44193296960249,4.75058456742011,5.48480124707716,1.09742790335152,2.01402961808262,1.95479345284489,2.9041309431021,2.62353858144973,2.51130163678878,1.94933749025721,2.38737334372564,2.54169914263445,2.49181605611847,2.74902572096648,2.93530787217459,3.03507404520655,3.06235385814497,3.1153546375682,3.12470771628995,2.67653936087295,2.3335931410756,2.73499610288387,2.89945440374123,2.48480124707716,2.49493374902572,2.46219797349961,2.0771628994544,2.31722525331255,3.32346063912705,1.83008573655495,7.60717069368667,4.03663289166017,8.49805144193297,8.33515198752923,4.52844894777864,8.28059236165238,7.54871395167576,5.48168355416991,8.48402182385035,7.89243959469992
"United States",2.65966386554622,1.68187274909964,2.4921968787515,1.76950780312125,2.07322929171669,2.90096038415366,3.046818727491,3.3391356542617,3.20768307322929,2.03001200480192,7.77490996398559,5.82593037214886,5.74789915966387,5.50480192076831,3.50720288115246,6.4171668667467,3.31212484993998,3.73289315726291,6.44477791116447,1.32352941176471,2.17166866746699,1.73889555822329,2.73109243697479,2.23889555822329,2.28931572629052,2.3187274909964,1.79291716686675,2.91956782713085,2.89495798319328,2.97298919567827,2.11464585834334,2.39795918367347,2.7797118847539,3.07983193277311,3.00540216086435,2.54201680672269,2.29171668667467,2.73469387755102,2.67106842737095,2.54081632653061,2.47118847539016,2.29351740696279,3.08343337334934,2.63565426170468,3.39675870348139,1.75690276110444,4.92857142857143,2.8187274909964,8.61164465786315,5.64885954381753,3.73229291716687,7.61824729891957,3.58643457382953,5.16326530612245,8.45438175270108,8.60984393757503
"Uruguay",2.35789473684211,1.61052631578947,2.31578947368421,1.47719298245614,2.01052631578947,2.70175438596491,3.43508771929825,3.08421052631579,3.07017543859649,2.3719298245614,7.93684210526316,5.27017543859649,4.89122807017544,5.15789473684211,5.28771929824561,5.5719298245614,4.83859649122807,5.35789473684211,6.59649122807018,1.17543859649123,2.18245614035088,2.14035087719298,2.88070175438596,2.67719298245614,2.63508771929825,2.8140350877193,2.90175438596491,2.61754385964912,2.72631578947368,2.91228070175439,2.49122807017544,2.54035087719298,2.25964912280702,2.84912280701754,2.64210526315789,3.01052631578947,1.96491228070175,2.51228070175439,2.44561403508772,2.07368421052632,1.99649122807018,1.97543859649123,2.73333333333333,2.60701754385965,3.36842105263158,1.57543859649123,5.35087719298246,3.48771929824561,8.63508771929825,7.10877192982456,3.36491228070175,6.79649122807018,5.80350877192982,6.47368421052632,8.1859649122807,8.99649122807017
"Uzbekistan",1.7163323782235,1.70773638968481,1.71060171919771,1.74498567335244,1.10888252148997,3.03724928366762,1.77650429799427,2.45558739255014,2.02292263610315,1.32664756446991,8.04297994269341,8.16045845272206,6.189111747851,4.37822349570201,4.80515759312321,4.48710601719198,2.29799426934097,2.87106017191977,7.03724928366762,1.02865329512894,1.45558739255014,1.77650429799427,3.26647564469914,3.29226361031519,3.10601719197708,1.68767908309456,1.29512893982808,1.58452722063037,1.48137535816619,1.7134670487106,1.53295128939828,1.51002865329513,1.26647564469914,1.60458452722063,1.40114613180516,1.43839541547278,1.46418338108883,1.78223495702006,1.64469914040115,1.60458452722063,1.53868194842407,1.73638968481375,2.41260744985673,2.25787965616046,2.51575931232092,1.39541547277937,6.85100286532951,5.20630372492837,8.44699140401146,7.41833810888252,6.14040114613181,7.86819484240688,7.67335243553009,8.10315186246418,8.93409742120344,8.86246418338109
"Yemen",1.62037037037037,1.37962962962963,1.87037037037037,1.57407407407407,1.23148148148148,1.88888888888889,1.69444444444444,2.81481481481481,2.14814814814815,1.90740740740741,7,6.30555555555556,6.12962962962963,5.75,7.0462962962963,2.71296296296296,1.83333333333333,1.5462962962963,7.2037037037037,1.02777777777778,1.72222222222222,1.89814814814815,3.01851851851852,3.40740740740741,3.09259259259259,1.57407407407407,2.48148148148148,3.25,3.08333333333333,2.87962962962963,2.60185185185185,2.74074074074074,2.51851851851852,3.24074074074074,3.30555555555556,3,2.37962962962963,2.84259259259259,2.74074074074074,2.59259259259259,2.4537037037037,2.15740740740741,2.52777777777778,2.00925925925926,2.98148148148148,1.75,7.01851851851852,6.60185185185185,9.34259259259259,6.62037037037037,4.39814814814815,8.06481481481481,6.21296296296296,8.16666666666667,7.92592592592593,8.90740740740741
