"","iso3","ln_y","growth","hc","gvmnt_c","gcf","ext_bal","trade","inflation","fem_emp","tot_emp","inf_mort","lexp","tfr","age_dep_old","age_dep_young","urban","yrsoffc","military","competitiveness_leg","competitiveness_exec","parliamentary","presidential","voice","stability","effectiveness","regulation","law","corruption"
"1","ALB",-0.149881806679021,0.051918334478248,1.03041671853802,-0.844387761170228,2.10349037569806,-1.47487213937886,-0.240082090220232,-0.215471207372153,-0.0888888100405261,-0.385841841402249,-0.508455470308161,0.771892789396893,-0.638450425653801,0.0828627734259376,-0.433644441726517,-0.492999700448505,-0.786194169011131,-0.436617107406757,0.0800449456709208,0.0832123313302047,1.31300284875404,-1.09120978529255,-0.126251644008108,-0.385945002493361,-0.759478549579106,-0.519777988291259,-1.01916065892313,-0.930556604462749
"2","ARG",0.397382476454548,0.0583111128505226,0.63865173817094,-0.653127126546468,-1.259270834483,1.27104478448307,-0.713465886489695,-0.0844259022998944,-0.56223120151486,-0.900464625600013,-0.620141547817203,0.675569880107367,-0.455224598397267,0.684232812384462,-0.496152834592744,1.45574580746044,-0.786194169011131,-0.436617107406757,0.0800449456709208,0.0832123313302047,-0.758212912660786,0.912322935244589,0.0903994927029525,-0.864753566337619,-0.453550533006324,-1.2791722010703,-0.91470996785254,-0.613334720773789
"3","ARM",-0.461021232554819,0.0570471689215244,1.15256825881891,-1.05769432531253,-0.00103885324655025,-0.95633565531426,0.01621046809708,-0.215661186861349,-0.470021653870548,-1.0969568186115,-0.416815611839204,0.487746184831594,-0.922136519568123,0.782115696064048,-0.79368860466525,0.387065255554876,-0.360813749063079,-0.436617107406757,0.0800449456709208,0.0832123313302047,-0.758212912660786,0.912322935244589,-0.587033884724028,-0.358764850358695,-0.366865529703374,-0.235279341598613,-0.475890511602095,-0.738966625959892
"4","AUS",1.44837285209741,0.0165473440939125,1.67550295283288,0.282318091490837,0.356721303581312,0.235562137029845,-0.722556709341858,-0.213364927982151,0.43363195994391,0.184921824322197,-0.966654762652948,1.23118772671932,-0.889030295328625,1.08385874450061,-1.0621777541057,1.37198252755597,-0.077226802431045,-0.436617107406757,0.0800449456709208,0.0832123313302047,1.31300284875404,-1.09120978529255,1.40142611332734,1.13829883040088,1.4835230446381,1.35332652886868,1.66142209247655,1.48613645817387
"5","AUT",1.43425925910903,0.0146468615393985,0.705088437566741,0.505969317044618,0.258243909109144,0.486694794381274,0.251318517457547,-0.221362556747256,0.193887042268296,-0.0957815125129464,-0.983837236115877,1.11022440029766,-1.09794198621925,1.71344244157572,-1.31919415047376,0.451560440233596,-0.502607222379097,-0.436617107406757,0.0800449456709208,0.0832123313302047,1.31300284875404,-1.09120978529255,1.27654538379055,1.31248494587041,1.74945413531437,1.48661513052926,1.76868554683263,1.80181880673459
"6","BDI",-1.85341771233531,0.00931664438752102,-1.59506554961174,-0.203664029176837,-2.2978458592598,-0.615896227161213,-1.14197797052761,-0.221909399235002,2.01348868864899,1.86914184533306,1.42743653984856,-1.46081125053602,2.0694103983493,-0.860759882350315,1.61694387147328,-1.96749598103179,-0.077226802431045,2.28011156090195,0.0651590446080016,0.0087731850923219,-0.758212912660786,0.912322935244589,-1.35546929905127,-2.42351701569915,-1.62662492102323,-1.69852607257859,-1.48377016570554,-1.01010532325973
"7","BEL",1.42510881641289,0.0104154039152598,1.11176985252444,1.08896438487301,-0.130993900044487,0.61421681730044,1.2792230912808,-0.21887288138941,-0.340928380968919,-0.909821260721408,-0.983837236115877,1.05232141265009,-0.949534774111156,2.18711968219853,-1.22981218374215,1.78266821436767,-0.502607222379097,-0.436617107406757,0.0800449456709208,0.0832123313302047,1.31300284875404,-1.09120978529255,1.3665589419242,1.19879134839945,1.76936753406557,1.17061963871635,1.22205451121031,1.20524593688199
"8","BEN",-1.13192561270707,0.0119680989150732,-1.36761697455973,-0.767138910533222,0.015446909781095,-0.533432510726424,-0.505781868186026,-0.210151485917246,1.25122300098894,1.31709180678418,1.33006919022529,-1.08730650495249,1.42954699537555,-0.892279974175636,1.27968802143328,-0.684918398389383,-0.077226802431045,-0.436617107406757,0.0800449456709208,0.0832123313302047,-0.758212912660786,0.912322935244589,-0.0863071789163711,0.760328279797,-0.575834593076278,-0.725133681179057,-0.440796005350132,-0.870591553936493
"9","BGD",-1.17882407665149,0.0347447252571663,-0.870817017172897,-1.95103376593857,0.345628721210571,-0.0525533546974358,-0.986323454263808,-0.208569512709006,0.488957547829891,1.01767519970622,0.568312866702087,-0.0623579845760268,-0.195511977208099,-0.716375172663176,0.172443718970395,-1.28680287628737,-0.786194169011131,-0.436617107406757,0.0800449456709208,0.0832123313302047,1.31300284875404,-1.09120978529255,-0.625180882146333,-1.08880004376266,-0.884709682942043,-1.36127367455706,-0.997765547293971,-1.22714440185644
"10","BGR",0.313013212968575,0.0504033152887633,0.836773180395562,0.71330420869565,-0.144698091008524,-0.31839746718251,0.00600334112180324,-0.209055537669183,-0.402401412731794,-1.45251430721614,-0.643051512434442,0.455475232282745,-1.20068544075563,2.01886845124116,-1.42742589216297,0.609008304078297,-0.786194169011131,-0.436617107406757,0.0800449456709208,0.0832123313302047,1.31300284875404,-1.09120978529255,0.424571930252229,0.409520701118156,-0.000223856835525667,0.370393430848399,-0.191768312896643,-0.318515882188733
"11","BHR",1.10167787144532,0.0194494759045054,0.629833050847343,0.384105128787771,0.204683823035817,1.18920004321404,1.18281837173072,-0.210097775034606,-0.715913780922047,0.512409050629865,-0.817739992640892,0.752297199366686,-0.370175849919935,-1.20201038410507,-0.603113114009915,1.40708857358266,-0.502607222379097,-0.436617107406757,-0.00927046070659482,0.0087731850923219,-0.758212912660786,0.912322935244589,-0.726363072603198,0.203788599855878,0.332739487598225,0.715164402129516,0.5170021241687,0.574445410374451
"12","BLZ",0.148334549372612,0.0100340114099622,0.729376586004301,-0.280709827897406,0.279636993423219,-0.703496159449274,0.928491448888738,-0.218533783302569,-0.586820508020419,-0.151922394039629,-0.539956671656865,0.136232853301581,0.0436519530737937,-0.730814763937108,0.637400965098956,-0.339659540421162,-0.360813749063079,-0.436617107406757,0.0651590446080016,0.0832123313302047,1.31300284875404,-1.09120978529255,0.730307638467137,0.357565595896231,-0.226083949915772,-0.293721021323937,-0.229543535491488,-0.363824748135363
"13","BOL",-0.534928525896355,0.0424605068498913,0.583289198723041,0.0185560944623378,-0.69745548698805,-0.186150242837851,-0.55132448734722,-0.213561408024489,0.69181850574718,0.886680166410057,0.427989333421496,-0.509226049934092,0.315351310625539,-0.36032957127284,0.412005932458173,0.32388284219923,-0.786194169011131,-0.436617107406757,0.0800449456709208,0.0832123313302047,-0.758212912660786,0.912322935244589,-0.0149898578435161,-0.387303875264234,-0.484332623148695,-0.298411203396997,-0.530025057301292,-1.01643089932415
"14","BRA",0.2465542358743,0.0285922497369315,-0.158765011804563,0.685331532463626,-0.534500422586141,0.291939764602754,-1.01601262005094,-0.180561091301564,0.298391243165388,0.465625161157341,-0.413951866262049,0.357380069606111,-0.599065434748191,-0.49684405685994,-0.508394525439187,1.13225354497801,0.206360144200989,-0.436617107406757,0.0800449456709208,0.0832123313302047,-0.758212912660786,0.912322935244589,0.328255836592243,0.298613539727247,-0.162967593213775,0.0740330410605474,-0.399858901291682,-0.125240964453623
"15","BRB",1.08084583122436,-0.00387460729997989,0.685822133413915,-0.271578785578643,-0.599133824307604,-0.138748186781543,0.141433023417066,-0.222638531271545,0.636492917861199,0.437554541927628,-0.671688968205992,0.616991748312319,-0.89302587411615,0.876878799403201,-1.00473214538277,-0.917702397193665,0.206360144200989,-0.436617107406757,0.0651590446080016,0.0683245020826281,1.31300284875404,-1.09120978529255,1.32090758712365,1.01823407187598,1.16429374839823,0.927813042567945,1.35628076187813,1.06572918749291
"16","BRN",1.59913155226834,0.0595496697764801,0.444891316902194,2.03433214089497,-0.0538451850110173,1.99523360851148,0.716305121805389,-0.224952882884095,0.538135926339993,0.690187973398556,-0.895061123224075,0.820885280848178,-0.689822152921988,-1.1320828401991,-0.531163944307709,0.719619874912712,3.46761003046939,-0.436617107406757,0.00561544035632446,0.0087731850923219,-0.758212912660786,0.912322935244589,-1.03596282148277,1.10084318579901,0.654970806714681,0.933323184699201,0.389570355387333,0.138561057345911
"17","BWA",0.567606717648815,0.0301483806997241,0.631351705459973,1.17225427110597,1.10426290431184,1.09602881965633,0.355375387858247,-0.22116668816185,0.599608958102868,0.250418984037532,0.330621983798229,-1.71886400265172,-0.0539543287357618,-0.952935316814726,0.245477915470448,-0.0325557457461296,-0.360813749063079,-0.436617107406757,0.0800449456709208,0.0832123313302047,1.31300284875404,-1.09120978529255,0.59786194219207,0.812646472235759,0.390973422265464,0.611143111044593,0.406862095403585,0.42379673538788
"18","CAF",-1.58306519593876,-0.00355835395539857,-1.35584729805821,-0.366268360649961,-1.56203952528244,-0.0550203903700621,-0.833920666888652,-0.237738833149522,1.26966509811861,1.42001622085063,2.10041675047997,-2.19847421491155,1.1504272772184,-0.619866728874351,0.922569647008399,-0.734337886583779,0.348153617517007,-0.436617107406757,0.0800449456709208,0.0832123313302047,-0.758212912660786,0.912322935244589,-1.20255470777217,-1.90770543154118,-1.80075027056337,-1.48815898565953,-1.23075935934238,-1.16276570825202
"19","CAN",1.43851473582962,0.00802752111048141,1.54208643986788,0.694828799444304,-0.223360233824113,0.53565903273077,0.023351754352584,-0.220980183798161,0.673376643118516,0.353343755036739,-0.958063525921483,1.19789936944825,-1.0237383801652,1.06163911461434,-1.20433914449679,1.04789740060505,0.348153617517007,-0.436617107406757,0.0800449456709208,0.0832123313302047,1.31300284875404,-1.09120978529255,1.50781034339849,1.16716800621309,1.73005584097972,1.48308087672335,1.56685723078142,1.8163637355226
"20","CHE",1.52862478473632,0.0221924255471154,0.870224470316885,-0.790084580116478,0.236115559272073,0.698499584107253,0.342686205119075,-0.228228263942372,0.777880844015607,0.783755752343603,-0.978109744961567,1.274321936141,-1.09794198621925,1.71814399855124,-1.27765756663206,0.771453168443082,-0.360813749063079,-0.436617107406757,0.0800449456709208,0.0832123313302047,1.31300284875404,-1.09120978529255,1.41996581209108,1.49405049162758,1.80628197414183,1.72176692160315,1.82223483887353,1.87387878561805
"21","CHL",0.447467805785386,0.0561631041293246,0.780407428531542,-0.727591497385003,-0.0471098537437918,0.313369198682421,-0.282704459675141,-0.20705638166046,-0.838859844447797,-0.806896846654965,-0.872151158606836,1.00368524727663,-0.742335474129468,0.0996315463990676,-0.720513632116876,1.33416624395905,-0.502607222379097,-0.436617107406757,0.0800449456709208,0.0832123313302047,-0.758212912660786,0.912322935244589,1.01856401689614,1.02503513207308,0.928223022428171,1.35194457963587,1.20659753499589,1.30080296235692
"22","CHN",-0.150745009498312,0.0719088213632168,0.0619636095148382,-0.0649505038236777,2.07162533312629,0.377689939559627,-0.698358974699795,-0.223958667253653,1.33113812988148,1.38258896649951,-0.359540700296106,0.571173372054348,-1.01974280137768,-0.213867788711073,-0.945716356922092,-0.707955417736214,0.915327510781075,-0.436617107406757,0.0205013414192437,0.0236610143398985,-0.758212912660786,-1.09120978529255,-1.71615674888344,-0.359441574876827,-0.247056586320968,-0.829327172440096,-0.511490283761617,-0.742502363714177
"23","CIV",-0.778342920574094,-0.0214220873232873,-1.10580372784155,-0.519640523924215,-1.59576571434401,1.27439371348353,0.0998739312806931,-0.195651329313632,0.169297735762744,0.615333464696318,1.63076247582656,-1.96374675539073,1.37132570447161,-0.911117449224015,1.08432889027008,-0.435745931777705,-0.644400695695114,-0.436617107406757,0.0800449456709208,0.0832123313302047,-0.758212912660786,0.912322935244589,-1.32864911414066,-2.01444028660889,-1.12445757723618,-0.73695251576096,-1.4752811970428,-0.89290667330132
"24","CMR",-0.80074985057756,0.0109586505035785,-0.608740680166913,-1.01545026695232,-0.244468658270119,0.179856916198049,-0.736997352119864,-0.211572721190838,0.759438981386949,0.690187973398556,1.35870664599684,-1.48705044651737,1.25659551357265,-0.739254117936549,1.28409435011793,-0.355920965842454,1.9078818239932,-0.436617107406757,0.0800449456709208,0.0683245020826281,-0.758212912660786,0.912322935244589,-1.30088202047766,-0.726345616166083,-1.00586941495115,-1.22242545779955,-1.34721149610312,-1.14344759696009
"25","COG",-0.859429508620261,0.0448775770899234,-0.439050335637203,0.448505015977709,0.224579446648322,2.13899794930275,1.28629311756982,-0.23479194679188,1.01762576169122,0.634046734939129,0.989283466543859,-1.53279849525998,1.02028556813899,-0.714152843907043,0.854955534093862,0.18947199770136,-0.219020275747062,2.28011156090195,0.00561544035632446,-0.00611464415525466,-0.758212912660786,0.912322935244589,-1.03795346500052,-1.68342994525485,-1.49016743730468,-1.41158129066074,-1.33996162126861,-0.938629878773448
"26","COL",0.0958522490634144,0.0401557790107177,-0.0774242682555528,0.0913281356907092,-0.573418342673319,0.00243144122709393,-0.900632260561554,-0.198906514636174,-0.156509285680295,-0.0489976230404225,-0.53709292607971,0.422400201808266,-0.572237977174804,-0.580317449614828,-0.371569225076344,0.742783936645647,-0.360813749063079,-0.436617107406757,0.0800449456709208,0.0832123313302047,-0.758212912660786,0.912322935244589,-0.599158270483512,-2.00346604138299,-0.59992516301856,-0.217345164579109,-0.904808678158098,-0.356687600805356
"27","CRI",0.301163875266574,0.0246411532548778,0.362331767326023,-0.188351491472847,0.122646688047304,-0.128506692754773,0.316616515213562,-0.183941224612779,-0.383959550103129,0.0445701559046254,-0.823467483795202,1.01712952396322,-0.626463689291224,-0.329961951071659,-0.430832160778219,0.279841481683229,-0.360813749063079,-0.436617107406757,0.0800449456709208,0.0832123313302047,-0.758212912660786,0.912322935244589,1.06349736956981,1.01096014686157,0.115658222802152,0.192602282601956,0.525673512657006,0.408896185408825
"28","CYP",1.15532104736015,0.0213944924357337,0.895672776711169,-0.0968680277046242,0.0728978277717303,0.315259664260946,1.05146981132342,-0.222991733341028,0.366011484304141,0.269132611213086,-0.975245999384412,1.06657914426436,-0.970654261988077,0.550447832886695,-1.02186298803988,0.573859910589566,0.348153617517007,-0.436617107406757,0.0800449456709208,0.0832123313302047,-0.758212912660786,0.912322935244589,1.10860662283368,0.10292074850011,1.10433115823138,1.10438344044575,0.864441932435434,1.04354999224253
"29","CZE",0.999288562145539,0.0217880786482583,1.81647143740298,0.911270293096994,1.10679872901401,0.145461888542682,0.353883410946151,-0.214227868644332,0.101677494623984,-0.179992656336589,-0.963791017075793,0.778044102740506,-1.22351731954149,1.2237944309975,-1.40935102279541,0.790467178896624,-0.360813749063079,-0.436617107406757,0.0800449456709208,0.0832123313302047,1.31300284875404,-1.09120978529255,0.940351998043508,0.971858050353804,0.759820806223476,1.06754287943141,0.732207436453361,0.194930768800948
"30","DEU",1.35337403869427,0.0168071739401435,1.25946923571353,0.533564173883839,-0.227614211759277,0.536193165520704,-0.307547176877586,-0.220406894629346,0.0402044628611091,-0.432625730874773,-0.989564727270187,1.06709019087599,-1.12648183470158,2.07309217755398,-1.40301488442165,0.763576540504644,-0.360813749063079,-0.436617107406757,0.0800449456709208,0.0832123313302047,1.31300284875404,-1.09120978529255,1.39278923297123,1.044203640386,1.5067664530451,1.46411448318633,1.51841593262576,1.72654940730705
"31","DNK",1.43066737967872,0.010004995573798,0.931025998775858,1.62031465010579,0.00176720860747229,0.683423940215067,0.194352576196791,-0.215763984384426,0.740997118758284,0.512409050629865,-0.980973490538722,0.938859687866976,-0.909578986235899,1.64232256992252,-1.1595793094255,1.27496449203466,-0.786194169011131,-0.436617107406757,0.0800449456709208,0.0832123313302047,1.31300284875404,-1.09120978529255,1.53818664983896,1.46793087656012,1.87823873407404,1.69370264072002,1.78000679817974,2.0830359211687
"32","DOM",0.107938807193106,0.0346546038420499,-0.178445982596247,-1.29221972343117,-0.0658440557317991,-0.308631776756343,-0.0505816670335444,-0.201218116101254,-0.383959550103129,-0.35777157910528,-0.19917094797543,0.377233527192643,-0.273140365080026,-0.383987240898767,0.0288114207625342,0.34802089555896,-0.644400695695114,-0.436617107406757,0.0800449456709208,0.0832123313302047,-0.758212912660786,0.912322935244589,0.126823918113909,0.0647442622985981,-0.600203361876606,-0.491867890465581,-0.785622333246176,-0.467751854201361
"33","ECU",-0.146933321502087,0.0477325129684165,0.0994719416607625,-1.08551451845521,0.262791474053015,-0.207596646310537,-0.550763439839854,-0.170424507014287,0.163150526386859,0.605976829574913,-0.350949463564641,0.611771102421987,-0.228047404477951,-0.437447129405063,-0.00844677900498744,0.253035538215318,-0.219020275747062,-0.436617107406757,0.0800449456709208,0.0832123313302047,-0.758212912660786,0.912322935244589,-0.227464868443486,-0.842675391058313,-1.04487199819474,-0.98858875169728,-0.856586271854649,-1.0469101298216
"34","EGY",-0.173964492015607,0.0291458613828015,-0.389146609900243,-0.58945998545892,-0.47646556282807,-0.0668717103343573,-0.729806642432291,-0.211863357850038,-1.9207852269245,-1.59286597563371,-0.153351018740952,0.17547560687326,-0.103042868125363,-0.445744428224877,0.0942918497461402,-0.51891634721369,2.04967529730921,2.28011156090195,0.0651590446080016,0.0683245020826281,-0.758212912660786,-1.09120978529255,-1.20689648550207,-0.458366706611236,-0.596083175438896,-0.792274720887697,-0.0456516070043688,-0.403857890381473
"35","ESP",1.23903565638682,0.0124456911826611,0.836080141929423,0.136607389260378,0.677371468270699,0.0938196344495879,-0.431116909609343,-0.20753476347087,-0.6421460959064,-0.956605150193932,-0.960927271498638,1.1957895439874,-1.17785356196977,1.90830255935062,-1.45542470117807,0.905821665478917,-0.077226802431045,-0.436617107406757,0.0800449456709208,0.0832123313302047,1.31300284875404,-1.09120978529255,1.24354695443755,0.405464505135851,1.64016823259766,1.25297822669713,1.11760781952726,1.09617486465638
"36","FIN",1.34530372604124,0.0156882289838912,0.863187527893719,0.869632601394481,0.0522923086070443,0.847489870494953,-0.125774805294096,-0.222177503574917,0.43363195994391,-0.114495139688501,-1.01247469188743,1.05654106357177,-0.909578986235899,1.71246137113193,-1.22445331443394,1.15863601382557,-0.502607222379097,-0.436617107406757,0.0800449456709208,0.0832123313302047,1.31300284875404,-1.09120978529255,1.57077629962699,1.70052170550608,1.95064618087552,1.80603051520481,1.80664642010155,2.13874416837859
"37","FJI",-0.0579100643719254,0.00219702621662816,0.87242625104572,0.0468174473011781,-0.250776535791736,0.0654447962322114,1.07186973520997,-0.211241449681874,-0.586820508020419,-0.35777157910528,-0.528501689348246,0.0807491321824361,-0.178388068118704,-0.84612706267076,-0.157646930613201,-0.273174025026815,-0.644400695695114,-0.436617107406757,0.0800449456709208,0.0832123313302047,1.31300284875404,-1.09120978529255,-0.111918331424135,0.384645848293445,-0.132739607534611,-0.224488093678203,-0.488781522557455,-0.107010741030366
"38","FRA",1.35893600118042,0.00576696853228399,0.901367421747594,1.19453288033464,-0.0577485935390055,0.348911108600888,-0.485907785156104,-0.217050316988188,-0.0827416006646406,-0.666545178237393,-0.989564727270187,1.1662519875356,-0.818251471092456,2.05276959425139,-1.13288386135737,0.899342503787621,-0.219020275747062,-0.436617107406757,0.0800449456709208,0.0832123313302047,1.31300284875404,-1.09120978529255,1.08910412592055,0.872193381800462,1.38836829892839,0.847642002884138,1.10239820841662,1.00998021271646
"39","GAB",0.32902226932145,0.0839244585194449,-0.000817084814061546,0.107857101668265,0.444882573637068,1.64727280055147,0.204348939473269,-0.222710491876771,-0.297897211834703,-0.937891523018378,0.427989333421496,-0.780847324013521,0.61387812575067,-0.107954689582259,0.759713676955728,1.1189140944371,4.03478392373345,-0.436617107406757,0.0800449456709208,0.0832123313302047,-0.758212912660786,0.912322935244589,-0.657791200564049,0.324884383059677,-0.586266548834377,-0.451597851613232,-0.301957401312981,-0.525239145535311
"40","GBR",1.39448544772875,0.00344507799285923,0.638647608025135,0.540077311191571,-0.31345309770536,0.0320992580713292,-0.476121021807118,-0.215013720790595,0.439779169319796,0.11006731561996,-0.958063525921483,1.05888531408382,-0.960950713504086,1.91841826472114,-1.14341653735921,1.01228318503394,-0.219020275747062,-0.436617107406757,0.0800449456709208,0.0832123313302047,1.31300284875404,-1.09120978529255,1.24673091649708,0.61806026679467,1.63384752622745,1.681693951162,1.54474790016899,1.8314821614269
"41","GHA",-0.842097705942524,0.0512038129270944,-0.198331395605296,-1.07825718396336,-0.256029319127633,-0.612754294148118,0.476028271832941,-0.120448696853767,1.13442438134008,0.765041768235295,0.642770251708115,-0.932935264483638,0.716050783317397,-0.86485801532526,0.7134099015503,-0.417875302799097,-0.644400695695114,-0.436617107406757,0.0800449456709208,0.0832123313302047,-0.758212912660786,0.912322935244589,-0.139799108369301,-0.241244656620484,-0.321394631291323,-0.762549834786674,-0.121407046920731,-0.40244095185098
"42","GMB",-1.10489835024065,0.00792916530753305,-1.54579435570487,-1.06923607838342,-1.86622733552829,-0.134120360672615,-0.331664175876397,-0.178311683068062,1.29425440462416,1.34516242601389,0.625587778245185,-1.01491370488995,1.45751604688823,-0.949461856756784,1.40146712692259,-0.231207690150511,0.206360144200989,2.28011156090195,0.0651590446080016,0.0832123313302047,-0.758212912660786,0.912322935244589,-0.750765400247849,0.744356381281423,-0.861177398409547,-0.854163523472539,-0.385999113320937,-0.541504317333328
"43","GRC",1.13084059134648,0.00518104033986274,0.768960729431997,0.605087399303845,0.398554394299985,-0.465372604152088,-0.530010078257428,-0.211102901147888,-0.672882611787837,-0.99403240454506,-0.938017306881399,1.10670802452959,-1.16643762257683,2.19680636127611,-1.40676615732771,0.769039363107109,-0.077226802431045,-0.436617107406757,0.0800449456709208,0.0832123313302047,1.31300284875404,-1.09120978529255,0.954630731557394,0.815449118919254,0.567703612131033,0.832448466457512,0.615619081746967,0.269661962817934
"44","GTM",-0.320368519265307,0.0128370370120336,-1.08916605498654,-1.11584251787406,-0.145336428374681,-0.694078933740069,-0.195315955538394,-0.196665468945042,-0.26101348657738,0.34398676298258,-0.0473924323862199,0.147478223007873,0.509993077275003,-0.57389634781195,0.955464461340319,-0.389841282932182,-0.502607222379097,-0.436617107406757,0.0800449456709208,0.0832123313302047,-0.758212912660786,0.912322935244589,-0.534711962445962,-0.903391888086072,-0.684330790934488,-0.420865176168569,-1.10564729502479,-0.599265636759162
"45","HND",-0.610644887360936,0.0118157881706651,-0.309741252675623,-0.160016151506836,0.334872463868458,-0.632066044037485,0.913701987699185,-0.202800215951867,-0.476169097747442,0.194278459443603,-0.302265788753007,0.363704857487614,0.224023795482095,-0.6166168876705,0.826000193223836,-0.362061347837473,-0.786194169011131,-0.436617107406757,0.0800449456709208,0.0832123313302047,-0.758212912660786,0.912322935244589,-0.297039851770114,-0.331219671794819,-0.821537246621059,-0.690970918542284,-0.990945099234702,-1.02642835800293
"46","HUN",0.859135053351143,0.0173679770914368,1.48404013167566,1.06817563566361,0.537411633592896,0.0935786479598528,0.918526759941096,-0.187576439707466,-0.353223034221692,-1.05952992119314,-0.863559921875371,0.50189139242129,-1.14931371348744,1.66270970373349,-1.33978240863398,0.4208585302585,-0.360813749063079,-0.436617107406757,0.0800449456709208,0.0832123313302047,1.31300284875404,-1.09120978529255,1.12435971859877,1.20793437114044,0.813535838150729,1.20513898878744,0.834473924697614,0.348192299298209
"47","IDN",-0.44318701236049,0.0420787231222111,-0.730929391760058,-1.54888104445996,-0.0351339045681136,0.668878218354994,-0.343689778456157,-0.19924240346408,-0.0458578754073178,0.325273492739769,-0.0273462133461356,-0.0498560965952767,-0.482052055970654,-0.607508549995242,-0.389586125396303,-0.490247115416255,-0.786194169011131,-0.436617107406757,0.0800449456709208,0.0683245020826281,-0.758212912660786,-1.09120978529255,-0.48743197548703,-1.63991426198429,-0.619198397646034,-0.953629546776937,-1.0630763217728,-1.18718028400584
"48","IND",-0.816937607378949,0.0688528955098994,-0.987192135530423,-0.715228970884122,0.426888498873084,0.167431696842081,-0.985625386878773,-0.209394504883799,-0.697471918293389,-0.0209273607434529,0.665680216325354,-0.358291480715903,-0.0796401923698553,-0.602274085949169,-0.0294893224877945,-1.13909492871064,-0.360813749063079,-0.436617107406757,0.0800449456709208,0.0832123313302047,1.31300284875404,-1.09120978529255,0.293809206631928,-1.25732317429708,-0.325676127054166,-0.66206790290692,-0.13185376428284,-0.597834846441122
"49","IRL",1.48684918994157,0.00518669958800011,1.37233909932605,-0.0149129673780855,0.313260685875,1.42115216162437,1.89078477784469,-0.202115512617265,0.126266801129536,-0.0302843527976119,-0.955199780344328,1.00989047838202,-0.766879743824269,0.571761295902659,-1.07929881388545,0.190827116486468,-0.219020275747062,-0.436617107406757,0.0800449456709208,0.0832123313302047,1.31300284875404,-1.09120978529255,1.23530631591909,1.45092386283955,1.4180881484353,1.70488840579447,1.49671251000215,1.16280383909347
"50","IRN",0.315320092932156,0.0572673785160948,0.145417748672449,-0.7463698923514,2.25280767200864,0.279213889980316,-0.576455550409055,-0.0950209984429742,-1.97611099068624,-1.66772048433595,-0.376723173759035,0.362492879972887,-0.751468225643813,-0.665467335216011,-0.292709083394641,0.437246998065896,-0.786194169011131,-0.436617107406757,0.0502731435450823,0.0683245020826281,-0.758212912660786,0.912322935244589,-1.23269056294712,-0.823054622059546,-0.709857158397002,-1.70101592638751,-0.817485035906534,-0.344363221174554
"51","ISL",1.4511329002683,-0.00562336294591602,0.927625236719728,1.4907223339922,-0.253418221390101,0.340386288789462,-0.0988087937945925,-0.200636497312702,1.466378612159,1.49487072955287,-1.02965716535036,1.28557433859883,-0.78971162261013,0.940331071359001,-0.886765415108891,1.58884388063523,-0.219020275747062,-0.436617107406757,0.0800449456709208,0.0832123313302047,1.31300284875404,-1.09120978529255,1.48152530841336,1.57821036944592,1.79347491627981,1.43087655538984,1.77243482341763,1.97341850353787
"52","ISR",1.28093950668913,-0.00862312536303516,1.44095279857586,1.91788243085017,-0.156849471180566,0.0425402108664869,-0.140002842915736,-0.206202066863517,-0.0950362539174199,-0.834967108951924,-0.960927271498638,1.18453714152957,-0.241746531749468,0.705210200666059,-0.45129670914381,1.53243706120512,-0.644400695695114,-0.436617107406757,0.0800449456709208,0.0832123313302047,1.31300284875404,-1.09120978529255,0.465888024458359,-1.53040863603648,0.914993121178858,0.811552824887694,0.969684203776577,1.05976464088717
"53","ITA",1.33865364323852,-8.18537225052059e-05,0.652213897951989,0.483515035729487,-0.0346736280337883,0.285466924915908,-0.576338864520444,-0.211079184799386,-0.795828792564088,-1.26537874932605,-0.986700981693032,1.2593187328639,-1.16643762257683,2.44515755486264,-1.44719176434797,0.51830004040015,-0.786194169011131,-0.436617107406757,0.0800449456709208,0.0832123313302047,1.31300284875404,-1.09120978529255,0.986045372850956,0.778671835045954,0.596223832295867,0.783921415985145,0.606401090397829,0.359331068009867
"54","JOR",-0.255786578477336,0.0430092647252142,0.458731435495943,1.22919873756694,-0.204090159768422,-1.09391155387973,0.832449595180309,-0.222405957958479,-2.16053008597486,-2.13555937906119,-0.476954268959457,0.481102578880451,0.330762828805995,-0.87888152676534,0.434467921120189,1.06805479253353,-0.502607222379097,-0.436617107406757,0.0651590446080016,0.0087731850923219,-0.758212912660786,0.912322935244589,-0.876836406996537,-0.559067641776923,-0.0735249643770913,-0.210002556727593,0.0388796867458422,-0.233567263382658
"55","JPN",1.35811263697026,0.0021769092205663,1.39066125214778,0.436855138968082,0.101663360064432,0.326647286974282,-1.15286002483784,-0.233913544465553,0.0770881881184319,0.063283426147436,-1.02392967419605,1.3875492358729,-1.13789777409451,2.32504714528182,-1.44836953236893,1.12238658632394,-0.644400695695114,-0.436617107406757,0.0800449456709208,0.0832123313302047,1.31300284875404,-1.09120978529255,0.95065515477395,1.13144432066273,0.86361304836933,0.292207106889934,1.04150257870152,0.656113452666063
"56","KAZ",0.11391800273031,0.107841272242492,1.00544296589677,-0.765732783347823,0.727552972631385,0.230475503669946,0.402239191479034,-0.199674621891445,0.81476456927293,0.596619837520754,-0.139032290855177,-0.111364541530383,-0.749755834734873,-0.0648557283173999,-0.688421043272832,0.00775903811082438,0.631740564149041,-0.436617107406757,0.0800449456709208,0.0236610143398985,-0.758212912660786,0.912322935244589,-1.21344006193952,0.303913346544947,-1.10957511813926,-1.04601342611279,-1.21879128167661,-1.1193619321775
"57","KEN",-1.08717699703958,0.0133832991751434,-0.400675085886734,0.218319710490022,-0.847364809771531,-0.13747393302211,-0.42706613187926,-0.222350117043312,0.62419826460842,0.269132611213086,0.671407707479664,-1.53468561692218,0.956356307538584,-0.934257956067142,1.06404307117718,-1.46318005566155,2.47505571725726,-0.436617107406757,0.0800449456709208,0.0832123313302047,-0.758212912660786,0.912322935244589,-0.858216578500278,-1.26069667662316,-0.856407255437071,-0.432227752747494,-1.01048049565918,-1.05160136051473
"58","KGZ",-0.936547841177255,0.0202278293105865,0.592467208731704,0.495664069053951,-0.52737744306011,-0.0256519612166437,0.165118666914629,-0.217264501521861,0.157003317010973,-0.105138504567105,-0.0158912310375158,0.0942262283761977,-0.464357349911612,-0.324072978459465,-0.0338121896533353,-0.84050297390456,0.773534037465058,-0.436617107406757,0.0800449456709208,0.0832123313302047,-0.758212912660786,0.912322935244589,-1.14236765811565,-0.785385845897696,-0.855585636757073,-0.40508600104046,-0.854836390576359,-0.937615221539056
"59","KOR",1.10886324591817,0.0261428287001699,1.45748866333676,-0.67121242286359,1.20093806503499,0.337579623497041,-0.320763353028355,-0.212445096405601,0.218476348773848,0.194278459443603,-0.949472289190018,0.933467911689269,-1.22580050742007,-0.0244265758646103,-1.16160456076864,1.06530220750128,-0.219020275747062,-0.436617107406757,0.0800449456709208,0.0832123313302047,-0.758212912660786,0.912322935244589,0.643185081635857,0.178716250370954,0.680931963126142,0.644506071715708,0.820085143109669,0.29918903468416
"60","LKA",-0.287501387460064,0.0482792087813084,1.22251929928049,-0.566107796870375,0.109287980594372,-0.215656330973471,0.0245701503345083,-0.171694279378218,-0.84500717107419,-0.58233403441374,-0.731827625326245,0.523507726392882,-0.605914998383949,-0.276397040334497,-0.719781452514557,-1.55520109066277,0.348153617517007,-0.436617107406757,0.0800449456709208,0.0832123313302047,-0.758212912660786,0.912322935244589,-0.235799819222647,-0.853128169956771,-0.256769323408126,-0.0412257607906154,0.22873492589686,-0.359533632671948
"61","LSO",-1.07316927506404,0.0317587860529253,-0.554785694409479,3.76850417077996,1.37347176352587,-5.12279631993763,2.87484126010695,-0.165100054675989,-0.359370243597577,-0.891107633545854,1.361570391574,-2.17059404357177,0.309643340929073,-0.456584924018101,0.763895346327574,-1.46292597088934,-0.360813749063079,-0.436617107406757,0.0651590446080016,0.0683245020826281,1.31300284875404,-1.09120978529255,-0.0945042573667405,-0.178877844412178,-0.304416109562128,-0.722702193611931,-0.0992517564622267,-0.302714469341506
"62","LUX",1.96058322417091,0.0252064829144748,0.902873685922807,-0.00961882448787138,-0.153990374036703,1.91920184475613,3.94317199279328,-0.219242650770627,-0.248718833324607,-0.470052628293138,-1.01247469188743,1.04177228534587,-0.960950713504086,1.47634200185265,-1.15187774163942,1.27703951767436,0.0645666708849722,-0.436617107406757,0.0800449456709208,0.0832123313302047,1.31300284875404,-1.09120978529255,1.33585541321428,1.59995827261779,1.80997194338876,1.85149241571752,1.76346819655981,1.78188260771149
"63","MAR",-0.304399042953505,0.0192548548100348,-1.08152631778308,0.431190119110433,0.551293051481851,0.0882810179531394,-0.27257014025791,-0.221532914692413,-1.4290009728215,-1.16245433525959,0.00415498800256849,0.204670902750302,-0.435817501429286,-0.406405865707807,-0.184555451553933,-0.048817171167422,-0.502607222379097,-0.436617107406757,0.0800449456709208,0.0087731850923219,-0.758212912660786,0.912322935244589,-0.617823532724314,-0.34647057720979,-0.334070302722768,-0.417980889094734,-0.106704042930169,-0.300295635432677
"64","MDA",-0.847807158354763,0.0612985989697582,0.774325788833155,0.784985716178216,-0.00193455416516417,-1.50644217353444,1.18424444099856,-0.180931711207952,0.384453346932806,-0.404555468577804,-0.494136742422387,0.0181435780076911,-1.02887555289202,0.398131293386651,-1.02948686025888,-0.403900640327674,-0.786194169011131,-0.436617107406757,0.0800449456709208,0.0832123313302047,-0.758212912660786,-1.09120978529255,-0.702837951395198,-0.259235653969791,-0.799092981541024,-0.692791372163897,-0.740215376384032,-1.01271012155535
"65","MEX",0.541476055419953,0.0173937490532349,0.329746568980084,-0.790434756109763,-0.220491428518241,0.134066603210751,-0.572221482140293,-0.200516029168244,-0.43928513798911,-0.0022137335678985,-0.557139145119795,0.73217415297127,-0.37930860143428,-0.46347563175251,-0.054613835895757,0.856359829822486,-0.644400695695114,-0.436617107406757,0.0800449456709208,0.0832123313302047,-0.758212912660786,0.912322935244589,0.233683666320824,-0.091496480337751,0.0515863004363225,0.263027510367261,-0.450154870648332,-0.3225841411539
"66","MLI",-1.39111842840494,0.0171540330335845,-1.96908494551152,0.125113556765747,-0.678510375245051,0.170895996567509,-0.317178410045049,-0.243800122586411,-0.80812332856636,-0.99403240454506,2.00591314643385,-1.6368832179949,2.02488823471687,-0.784498218441504,1.52180133852454,-1.07294819301257,0.489947090833024,-0.436617107406757,0.0651590446080016,0.0757684167064164,-0.758212912660786,0.912322935244589,0.194083844228405,0.299521303219623,-0.790312846250182,-0.749391442254793,-0.41638845952039,-0.629532372005817
"67","MLT",1.06019844174245,0.0161330515102844,0.878013512291206,0.682011768766023,-1.04693529572565,0.503475580994166,1.86009155708982,-0.213789885070797,-0.992542423854984,-0.947248515072537,-0.926562324572779,1.11608502657778,-1.06369416804046,1.07549041707308,-1.11138524257795,1.59913431390964,-0.077226802431045,-0.436617107406757,0.0800449456709208,0.0832123313302047,1.31300284875404,-1.09120978529255,1.11873723064359,1.56192498513001,0.854397681701333,0.92265309788743,1.34301807649742,0.590744328658862
"68","MNG",-0.640644315804801,0.0942609709463507,0.304275546783871,0.046402244598685,0.38455493794318,-0.944847682573148,0.924795213215619,-0.197037088845101,0.458221031948454,-0.0583546150945815,0.107249828780145,-0.31574802242326,-0.703521280193505,-0.840311487959562,-0.21625713165261,0.176217242084525,-0.219020275747062,-0.436617107406757,0.0651590446080016,0.0832123313302047,-0.758212912660786,0.912322935244589,0.270127860376093,1.13939872741925,-0.390745503818,-0.34165758296553,0.0188144908574234,-0.148344465584374
"69","MOZ",-1.81760645356516,0.0555048024379455,-2.05838055638894,0.182067879090346,1.41703380923204,-1.94868807679139,0.111664558252293,-0.175679071429122,1.30040161400004,0.821182292829224,1.86845335873042,-1.70034676785705,1.41584786810403,-0.801007819683003,1.31872650927229,-1.08772745726265,1.34070793072913,-0.436617107406757,0.0800449456709208,0.0832123313302047,-0.758212912660786,0.912322935244589,-0.314820924929099,0.134121054537101,-0.549097063643031,-0.583777758184277,-0.746295340825454,-0.550381685151789
"70","MRT",-0.853857412384051,0.0605581389834853,-1.227067080267,1.81137967861261,-0.918692997738256,-0.728271256401426,-0.097708929156488,-0.189658172690899,-1.71177694238082,-2.13555937906119,1.06374085154989,-0.665353134036468,1.1258830075236,-0.845004430711651,0.914449482714872,-0.182550456272738,1.62429487736116,2.28011156090195,0.0651590446080016,0.0683245020826281,-0.758212912660786,0.912322935244589,-0.963917316228652,0.298677261033848,-0.219770025601314,0.0951745652460341,-0.562238273448469,0.0799488463412416
"71","MUS",0.617409403381247,0.00415467526648053,-0.0811537899177895,-0.353495202288617,0.0540835269825595,0.443709678304139,0.969280498739634,-0.199438989622305,-0.56223120151486,-0.208062918633549,-0.703190169554696,0.465086659382141,-0.784003652913664,-0.327520689083982,-0.793993212000812,-0.545976375453809,-0.644400695695114,-0.436617107406757,0.0651590446080016,0.0832123313302047,1.31300284875404,-1.09120978529255,0.725283113209949,1.07228501117128,0.208669256361438,0.366631838554429,0.915696053568938,0.38594178673348
"72","MWI",-1.75634000007252,0.0488741260254104,-1.18702634922053,-0.388610502486414,-0.717857730524499,-0.688376306138954,-0.431674262887802,0.062752174071041,1.60161956343853,1.59779514361932,1.43316403100287,-2.12199538620651,1.61220202566244,-0.831124032608779,1.5635879759799,-1.70900707277249,0.206360144200989,-0.436617107406757,0.0800449456709208,0.0832123313302047,-0.758212912660786,0.912322935244589,-0.754555580043657,-0.0723890572146085,-0.935529936590659,-0.802665855271861,-0.566990232304396,-1.07212512918727
"73","MYS",0.619731843154042,0.0419480797905341,0.778980050141211,-0.523100571133058,0.402145500875834,1.42593354634777,2.65001686133792,-0.212127984507719,-0.131919979174736,0.231705713794721,-0.89219737764692,0.584073782622146,-0.438671486277518,-0.721478506929923,-0.146291968872064,0.368982889266095,2.04967529730921,-0.436617107406757,0.0800449456709208,0.0832123313302047,1.31300284875404,-1.09120978529255,-0.578392907882749,0.473844527064031,0.786097620414709,0.339981259193656,0.400877191031606,0.0584793482536146
"74","NAM",-0.0660311363396849,0.028935259898527,-0.521333165444415,1.01191113464488,-0.408767712432813,0.090961559536126,0.403191003557486,-0.176742775161106,-0.242571389447713,-0.928534887896972,0.28480205456375,-1.25158689233577,0.302793777293315,-0.830538735693969,0.64456194233784,-0.905252243355488,0.773534037465058,-0.436617107406757,0.0800449456709208,0.0683245020826281,-0.758212912660786,0.912322935244589,0.154978750304453,0.103226075973384,-0.0722515527573011,0.308898765085939,0.167026525126492,-0.177960014191437
"75","NER",-1.68950073995506,-0.00649193325439581,-1.97169932780631,-0.653137009567752,-0.971423066099904,-0.496761995677123,-0.699789710432069,-0.212736500054488,-0.45157979124189,0.28784623838865,1.58494254659208,-1.45186090208102,2.51805681649147,-0.962081841809624,1.78329599374199,-1.64214043021983,-0.502607222379097,2.28011156090195,0.0800449456709208,0.0832123313302047,-0.758212912660786,0.912322935244589,-0.370752564417918,-0.248856383340385,-1.07235245307715,-1.0286727893265,-0.872761466439879,-1.12586664331115
"76","NLD",1.47945247867645,0.0104508488039681,1.27813666872458,1.1154492559426,-0.0573984710284403,0.703094864200532,0.843551355667117,-0.209804190871796,0.525841507588222,0.484338431400152,-0.969518508230103,1.07318524220731,-0.903871016539434,1.32096920723815,-1.19673960875358,1.01507811752823,0.206360144200989,-0.436617107406757,0.0800449456709208,0.0832123313302047,1.31300284875404,-1.09120978529255,1.47662889141948,1.24062840095878,1.78763368410769,1.81452458204049,1.59818604505177,1.88348784238148
"77","NOR",1.55134666517355,0.0367309135664434,1.63505643496103,1.04066570368992,-0.156307483068768,1.14189071962744,-0.1608461593649,-0.234586587768589,0.845501085154368,0.577906210345199,-1.00674720073312,1.13999638180067,-0.892455077146504,1.71845659826828,-1.05422085914693,0.925555582787048,-0.786194169011131,-0.436617107406757,0.0800449456709208,0.0832123313302047,1.31300284875404,-1.09120978529255,1.48546203065571,1.55027722720648,1.68782895892716,1.11675629319182,1.74635702590623,1.91892413648287
"78","NPL",-1.31165554322428,0.0182676230914512,-1.44070795836983,-1.34356380711785,-0.185224992530369,-0.509112970073343,-0.617899846151041,-0.2083750952318,2.11184544566919,2.40247789977363,0.430853078998651,-0.330648078677835,0.234298140935732,-0.644410639605099,0.71343441967152,-1.7311547954166,-0.786194169011131,-0.436617107406757,0.0800449456709208,0.0832123313302047,1.31300284875404,-1.09120978529255,-0.962926401294729,-1.81700895361324,-0.681807268913934,-0.879804090170642,-0.629073530887089,-0.43277189647935
"79","NZL",1.22124667702897,0.00611148956757251,1.8573028848639,0.142002828987991,0.13508069613236,0.443552141992799,-0.269046960221584,-0.225483199181846,0.642640127237078,0.493695423454311,-0.943744798035709,1.12639972883079,-0.812543501395991,0.970455449847966,-0.920827149417329,1.30249034235716,-0.502607222379097,-0.436617107406757,0.0800449456709208,0.0832123313302047,1.31300284875404,-1.09120978529255,1.52483645296219,1.26680001115801,1.52514869624935,1.52239719405705,1.69266065191174,2.04533852969935
"80","PAK",-0.75036258836438,0.0266928284808855,-1.02248154684242,-1.28499200994234,-0.660111060692959,0.227712845613718,-0.952812155248222,-0.215226745244007,-1.93307988017727,-0.99403240454506,1.30715922560806,-0.373519732042163,0.571068353027181,-0.60048823633027,0.652442277719111,-0.905929802748042,-0.644400695695114,2.28011156090195,-0.00927046070659482,0.0087731850923219,-0.758212912660786,0.912322935244589,-1.35145350223167,-1.7248517639646,-0.586065479960829,-1.12109118774892,-0.851082577372655,-0.993512482184584
"81","PAN",0.289797778243841,0.0474511736571102,0.659401590697051,-0.187228457589939,-0.768063555434714,0.591398906425502,1.16440651432036,-0.218913948838526,-0.43928513798911,-0.226776545809113,-0.511319215885316,0.801181855294418,-0.389012149918271,-0.354305008043353,-0.261861999081927,0.323798147275161,-0.502607222379097,-0.436617107406757,0.0800449456709208,0.0832123313302047,-0.758212912660786,0.912322935244589,0.546118803613274,0.24538335691914,-0.204420664641254,0.264606231568729,-0.192209484141996,-0.433092888201521
"82","PER",-0.11292302106881,0.073539397578451,0.471149544888908,-0.833133899509821,-0.548519494146807,0.186072903935984,-0.861263851793396,-0.225158997114238,0.728702465505512,0.896036801531462,-0.37385942818188,0.409150497914171,-0.282843913564017,-0.449855091572132,-0.076712238701634,0.792203424840043,-0.786194169011131,-0.436617107406757,0.0800449456709208,0.0832123313302047,-0.758212912660786,0.912322935244589,0.0610467023908344,-1.05680691801674,-0.544097565886822,-0.213159883847319,-0.639641524453175,-0.418104288313978
"83","PHL",-0.334255210498332,0.0181039801118192,0.487643282162599,-0.952114254836596,0.362357152483087,-0.383703460668438,0.581579306238635,-0.207315323364253,0.0463516722369945,0.147494569971079,-0.282219569712923,-0.0197324775154641,0.226306983360681,-0.871454464081616,0.360308790790081,-0.327294081507054,-0.644400695695114,-0.436617107406757,0.0800449456709208,0.0832123313302047,-0.758212912660786,0.912322935244589,0.0660877532415809,-0.915713279908019,-0.283419100892948,-0.346107506596616,-0.523419233091114,-0.557773986823318
"84","POL",0.661643136607111,0.0420444087457989,0.850153200746595,0.497646798374977,-0.418653530250014,-0.0014731345318922,-0.304315070751219,-0.215288981117825,-0.408548622107673,-1.25602211420464,-0.900788614378385,0.708419862532691,-1.17785356196977,1.04181903184105,-1.24594919590665,0.281365990316476,0.0645666708849722,-0.436617107406757,0.0800449456709208,0.0832123313302047,-0.758212912660786,0.912322935244589,1.03656633128795,0.668749339038127,0.293283562916115,0.585997010498722,0.533193017842321,0.168961040166396
"85","PRT",1.04722071713383,0.0102774899930296,0.121280350556786,0.687267720819685,0.560588779465753,-0.337341478506246,-0.27792436246696,-0.20710189682022,0.372158928181035,0.128780942795514,-0.975245999384412,0.955269441451312,-1.057986198344,1.97300332508362,-1.36133637282992,0.0221571752025935,-0.502607222379097,-0.436617107406757,0.0800449456709208,0.0832123313302047,1.31300284875404,-1.09120978529255,1.28181284303154,1.38917473522264,0.989067755454064,1.16196812795529,1.19990661933894,1.03518185697223
"86","PRY",-0.419221923117867,0.0340394385968035,-0.147907271496862,-1.21292667681995,-0.858057177407031,1.44016982657432,0.319097472673422,-0.157111216740965,0.0524991161138883,0.446911533981787,-0.362404445873261,0.333562484403708,0.00084218035030443,-0.541680022722246,0.319584650622349,0.0617097047429247,-0.502607222379097,-0.436617107406757,0.0800449456709208,0.0832123313302047,-0.758212912660786,0.912322935244589,-0.641367832931035,-1.31596750170247,-1.27137335593889,-0.890871607610765,-1.27084730985745,-1.32039022070805
"87","RUS",0.399125214796402,0.079554453285658,1.42720478223357,0.375889607415787,-0.210585621107514,0.979413290753593,-0.330282891748683,-0.154557871497661,0.304538452541267,-0.198706283512153,-0.602959074354274,-0.196226410066509,-1.14931371348744,1.09791791247661,-1.3186319061473,0.770648566664424,-0.644400695695114,-0.436617107406757,0.0800449456709208,0.0832123313302047,-0.758212912660786,0.912322935244589,-0.567960742903628,-0.777760862843208,-0.535494696831864,-0.531595604164952,-0.964453036805296,-0.985339651600044
"88","RWA",-1.61061017674537,0.0523140990369772,-1.35894057075913,-0.380098344197533,-1.06214584882142,-0.918264240487951,-0.948281220864861,-0.251412234833709,2.4991257333761,2.5241162979484,1.58494254659208,-1.58801497182075,1.21892291357598,-0.859805746978174,1.1417644527634,-1.62469327586157,-0.644400695695114,2.28011156090195,0.00561544035632446,0.0087731850923219,-0.758212912660786,0.912322935244589,-1.61534262141174,-1.8058327878989,-1.11277670563348,-1.06689490431694,-1.02849349835616,-0.565270783951896
"89","SAU",0.904780711798849,0.0658555976679514,0.0657146079352628,1.84112384212965,-0.259387945913503,1.4360833349749,-0.218316895806897,-0.213215089326175,-1.89004871104306,-1.05952992119314,-0.588640346468499,0.552128680894473,0.185780398515778,-1.01301783223962,0.100233474780635,1.06551394481145,1.9078818239932,-0.436617107406757,0.00561544035632446,0.0087731850923219,-0.758212912660786,0.912322935244589,-1.81077227362285,-0.0801847061081037,-0.500904774567591,-0.314118079484062,0.0161647921525846,-0.0861364524600597
"90","SDN",-0.957585003768511,0.0589245539716515,-1.51408020510928,-0.982730406859035,0.615467409861395,-0.00357110046598148,-0.934485034519864,-0.192291153028764,-1.31834956254852,-1.19052459755655,0.740137601331382,-0.812300133133665,1.12645380449325,-0.872353279364281,1.05933872372041,-0.954587036625815,0.915327510781075,2.28011156090195,0.0651590446080016,0.0683245020826281,-0.758212912660786,0.912322935244589,-1.67507322331229,-1.90263499718709,-1.31692505648958,-1.66548116181195,-1.37337441490747,-1.08410852582085
"91","SEN",-0.955400568502298,0.00391104869653416,-0.99368183363438,-0.467572437730382,-0.583207986245476,-0.485619052481863,-0.163682692485535,-0.211330814552229,0.919268770170015,1.31709180678418,0.720091382291297,-0.819930668550379,1.19266625297224,-0.798036224674125,1.23640047719185,-0.614325179177678,-0.644400695695114,-0.436617107406757,0.0800449456709208,0.0832123313302047,-0.758212912660786,0.912322935244589,0.265957204003715,-0.340745446578128,-0.175713046634542,-0.451956942340092,-0.0577193820891237,0.149722645635858
"92","SGP",1.54578150519898,0.0512740834785955,0.432030868893475,-0.703430479604188,0.493071717237072,1.45328156903631,5.95625681687245,-0.232509597350662,0.200034251644182,0.31591650068561,-1.03538465650467,1.09803429763501,-1.10935792561218,-0.115416425641568,-1.15027195178005,1.89958955704524,0.773534037465058,-0.436617107406757,0.0651590446080016,0.0683245020826281,1.31300284875404,-1.09120978529255,-0.0334316560427871,1.21122921416461,1.63661453123922,1.9001420616481,1.34310415286799,2.04365092944765
"93","SLE",-1.3719079575785,0.00593094332638759,-1.54160824642385,-0.320229926377041,-1.27921449667775,-1.25358853095776,-0.775842411761163,-0.245018427599427,1.11598251871142,0.446911533981787,2.83353561823162,-2.54549596246048,1.58879934990693,-1.01342325583124,1.11810429825148,-0.806032139808383,-0.360813749063079,-0.436617107406757,0.0800449456709208,0.0832123313302047,-0.758212912660786,0.912322935244589,-0.787101968465635,-0.863317215972367,-1.69488262718261,-1.63872280911984,-1.42635388376288,-0.829024326219593
"94","SLV",-1.36611017572079,0.008571449288584,-0.110811540916892,-0.997843151367776,-0.685431940919858,-0.78226955266905,-0.165180555603499,-0.22107373393043,-0.131919979174736,-0.170636021215184,-0.416815611839204,0.208656128620782,-0.363326286284177,-0.213397550985741,0.164811739456029,0.206283940129102,-0.502607222379097,-0.436617107406757,0.0800449456709208,0.0832123313302047,-0.758212912660786,0.912322935244589,0.0391362946018617,0.233915370042711,-0.6997476738131,-0.222880730775197,-0.65758432894503,-0.839439214862528
"95","SWE",1.40101410271315,0.0153946145067868,1.45558962229546,1.72922958496673,0.00854297607691667,0.670311773299639,0.0571889803730159,-0.219266079621203,0.67952408699541,0.212992086619167,-1.01533843746458,1.22251399982475,-0.949534774111156,2.25781092345523,-1.17821505000458,1.227662376942,-0.077226802431045,-0.436617107406757,0.0800449456709208,0.0832123313302047,1.31300284875404,-1.09120978529255,1.50594582196942,1.42021970731846,1.81678439396607,1.54385871149253,1.74226344383894,1.99046138974226
"96","SWZ",-0.0253709511881763,0.00878082394591987,-0.0343959962407698,0.0255381267896403,-0.307589851996646,-0.133446244839381,2.59420654787467,-0.184117548172658,-0.814270655192752,-1.31216263879857,1.35011540926538,-1.98030419675732,0.418094765161913,-0.857276721098311,1.04540802126831,-1.38551481029006,1.34070793072913,-0.436617107406757,0.035387242482163,0.0087731850923219,-0.758212912660786,0.912322935244589,-1.4573375887051,0.00896338163693059,-0.771237406527506,-0.469676465627125,-0.773360509519669,-0.431680723295024
"97","SYR",-0.890667741556299,0.107757397544754,-0.890425503905697,-0.645850408450123,-0.17550512558578,0.754149296838456,-0.140212117035748,-0.232772350851638,-1.85316492716049,-1.26537874932605,-0.588640346468499,0.650988069238033,0.234298140935732,-0.82565633881952,0.614662802981699,-0.104207651508699,-0.644400695695114,2.28011156090195,0.0800449456709208,0.0236610143398985,-0.758212912660786,0.912322935244589,-1.73478954958272,0.222540329009362,-1.06844610694063,-1.39234190648493,-0.518942067974385,-0.36059793007725
"98","TGO",-1.34517448072516,0.0134397751138533,-0.820758823982817,-1.34039577176397,-0.720204495582204,-0.633609538078362,0.222145412890325,-0.197748380759024,1.64465049807174,1.51358399979568,0.969237247503775,-1.29309419190208,1.14529010449158,-0.922199940072457,1.09124798369121,-0.903431302487999,0.348153617517007,2.28011156090195,0.0651590446080016,0.0832123313302047,-0.758212912660786,-1.09120978529255,-1.61222929268731,-0.0404018627315376,-1.55278388884257,-1.05053279140824,-0.889335465624128,-0.849004729552754
"99","THA",0.191202108031141,0.034835561482641,-0.299343197596058,-0.484487271705648,0.138586037892766,0.670673188374872,0.849086420110577,-0.218824608413257,1.20204485697985,1.34516242601389,-0.608686565508583,0.38361926558746,-0.968941871079138,-0.207448262837576,-0.948233358045943,-0.904701726349038,-0.644400695695114,-0.436617107406757,0.0800449456709208,0.0832123313302047,1.31300284875404,-1.09120978529255,0.243825353261062,0.453335871499721,0.0939785916487489,-0.0606222759802342,0.27690656385553,-0.39499258079241
"100","TJK",-1.02429467564894,0.0479203697770817,0.829932419898151,-1.30749357037548,-1.02083521747141,-0.500451106177986,1.41641757552473,-0.139073821468315,0.43363195994391,0.063283426147436,0.760183820371466,-0.251440542376768,0.252563643964421,-0.717668220668695,0.7703549541906,-1.21595557230346,0.489947090833024,-0.436617107406757,0.0800449456709208,0.0683245020826281,-0.758212912660786,0.912322935244589,-1.26134882833711,-1.12926025553647,-1.44496271845099,-1.69042634019365,-1.26623500125738,-1.09359882144165
"101","TTO",0.489723453901874,0.0751848830891733,0.705185082978587,-0.408644062888439,0.123222162998952,0.618697140179654,0.435775925588258,-0.250870122307225,-0.254866042700486,-0.236133180930518,-0.39104190164481,0.152194855038114,-0.895879858964383,-0.253921823084091,-0.904791659863765,-1.89393843947766,-0.786194169011131,-0.436617107406757,0.0800449456709208,0.0832123313302047,1.31300284875404,-1.09120978529255,0.461979356932588,-0.189920871076966,0.146006792289777,0.545570812305331,0.295503566671432,-0.301967617931882
"102","TUN",0.232093568353296,0.0195158352320723,-0.401814593114432,0.245064272984408,0.276811849561427,-0.0266506898428703,0.216781913214246,-0.216055524773055,-1.55809436297364,-1.6490068571604,-0.442589322033598,0.564482881092962,-0.749755834734873,-0.095946702920062,-0.550773451675638,0.383635111130072,1.19891445741311,2.28011156090195,0.0651590446080016,0.0683245020826281,-0.758212912660786,0.912322935244589,-1.02183770616253,0.0832691869298581,0.422886240930107,-0.413914850314947,-0.135323344894296,0.372562118877922
"103","TUR",0.441257079372107,0.0453859459595743,-0.365191351214596,-0.564115711072383,-0.526426968448949,0.346873460882049,-0.563066048282713,-0.052439916050727,-1.21999268827783,-1.32151963085273,-0.299402043175853,0.379280057889661,-0.546552113540711,-0.254738630152635,-0.384392199168011,0.457785517152684,-0.502607222379097,-0.436617107406757,0.0800449456709208,0.0832123313302047,1.31300284875404,-1.09120978529255,-0.4294375695144,-0.875484622211743,-0.152015426680208,-0.146530631593055,-0.156897496269624,-0.794780279202499
"104","TZA",-1.47409307423054,0.0465883267925677,-0.83602797302522,-0.489742568257746,-0.581394348924259,0.0778627048157068,-0.805909629983623,-0.193640210028356,2.36388525109858,2.66446796636597,0.934872300577916,-1.43182928145558,1.34278585598928,-0.883065318212821,1.24777826821337,-1.35930173129064,0.0645666708849722,-0.436617107406757,0.0651590446080016,0.0832123313302047,-0.758212912660786,0.912322935244589,-0.510900707956071,-0.345639079304059,-0.594455246094944,-0.860054824830655,-0.484810847041488,-1.00852925473166
"105","UGA",-1.40255158084576,0.0324409708118449,-0.948770421639644,0.166938714440009,-0.188956774597593,-0.722904218726764,-0.830309076890552,-0.241453156749959,1.98889938214344,1.99077952964232,1.22697434944772,-1.79266335302149,1.97408730441833,-0.87943517425348,1.95242322758678,-1.81627319410617,1.48250140404514,2.28011156090195,0.0502731435450823,0.0832123313302047,-0.758212912660786,0.912322935244589,-1.05313832861903,-1.51069048221631,-0.613273605532767,-0.278042047890696,-0.746581625342277,-1.00916329133374
"106","UKR",-0.197741487849266,0.0709848266140705,1.22207035243145,0.455412765460314,-0.197852522708975,0.53654965580405,0.653259241157247,-0.202847233643775,0.175445179639638,-0.507479882644257,-0.700326423977541,0.110401556909327,-1.24863238620593,1.4708998630273,-1.3758345681613,0.514107641658723,0.206360144200989,-0.436617107406757,0.0800449456709208,0.0832123313302047,-0.758212912660786,0.912322935244589,-0.652076355488815,-0.379178575417259,-0.847374523133898,-0.891068577207777,-0.963008780365649,-1.08305049207246
"107","URY",0.35555058335278,0.0491020282417759,0.378426945529497,-0.632878034408198,-1.11508705076752,0.317841396193668,-0.75025169710549,-0.167952085602136,0.120119357252642,0.063283426147436,-0.71750889744047,0.765896196587075,-0.632742455957336,1.478474206014,-0.710263679494545,1.58490556666601,-0.502607222379097,-0.436617107406757,0.0800449456709208,0.0832123313302047,-0.758212912660786,0.912322935244589,0.989678831055272,0.756261266645671,0.379674572673944,0.310138586591143,0.498425028751956,0.553185289505756
"108","USA",1.61057961506458,0.00463583702246358,2.06892329563875,-0.147850181098016,-0.0127793306704361,-0.0344156395377286,-1.13182309004955,-0.219547496872246,0.636492917861199,0.400127644509263,-0.912243596687004,0.933233486638063,-0.738054496857119,1.03686940938393,-1.02295504272051,1.02761296629047,-0.644400695695114,-0.436617107406757,0.0800449456709208,0.0832123313302047,-0.758212912660786,0.912322935244589,1.32933492605685,0.216528437347898,1.48261494599078,1.50439496340361,1.39942663216547,1.7250037464879
"109","VEN",0.0676545131461208,0.0671583247171876,-0.428773293829734,-0.514190515370352,-0.0669164059276143,1.08306577495058,-0.567854456345049,-0.0729360721986147,-0.0274157782776512,0.0445701559046254,-0.611550311085738,0.542882956874956,-0.327936874166093,-0.622794312229971,-0.115936619294143,1.40996820100102,-0.360813749063079,2.28011156090195,0.0800449456709208,0.0832123313302047,-0.758212912660786,0.912322935244589,-0.644825762952881,-1.39247512629231,-1.19369853584804,-0.957947726403734,-1.26756602130662,-1.09934670622305
"110","VNM",-0.811845543824592,0.0689686863179535,-0.679562355364261,-1.81859358267701,1.16935975773521,-0.22681726553834,0.696685603467783,-0.20368370695389,1.62620886994408,1.72879017691549,-0.405360629530584,0.670424250233423,-0.796561186245888,-0.178276861112008,-0.391898372894549,-1.25483054245124,-0.219020275747062,-0.436617107406757,0.035387242482163,0.038548843587475,-0.758212912660786,-1.09120978529255,-1.636920422536,0.292227228576638,-0.635461734174796,-1.04981843076945,-0.659847743521534,-0.652905359559813
"111","YEM",-1.19870821661948,0.0665278972101831,-1.62963032684219,-0.180653243486273,-0.413676533667167,0.183658742060773,-0.00967586280859161,-0.186131506273146,-1.82242841127905,-1.60222296768787,0.694317672096903,-0.599653169185819,1.53457363779051,-0.918814852241482,1.6338283660324,-1.17843572094079,2.47505571725726,2.28011156090195,0.0800449456709208,0.0683245020826281,-0.758212912660786,0.912322935244589,-1.33595091274114,-1.41255045879162,-1.00021199695241,-1.15085540189322,-1.61350755155578,-1.01807644753557
"112","ZAF",0.298894842744082,0.0332418452605589,0.313487837002718,0.529128502605222,-0.69961979268232,0.496261962518021,-0.329066532490076,-0.169865158842996,-0.666735402411952,-1.50865518874282,0.456626789193045,-1.3153973912737,-0.292547462048008,-0.68404925316395,-0.0281308513516756,0.116676710463856,-0.502607222379097,-0.436617107406757,0.0800449456709208,0.0832123313302047,-0.758212912660786,-1.09120978529255,0.577969658508816,-0.317541013112247,0.435144451850806,0.453386208230669,-0.0495210517540798,0.224655270029518
